sample-000167 ~,Mozilla_wav,cv_corpus_v1,cv-valid-train,sample-000167.wav
sample-000345 ~,Mozilla_wav,cv_corpus_v1,cv-valid-train,sample-000345.wav
sample-000563 ~,Mozilla_wav,cv_corpus_v1,cv-valid-train,sample-000563.wav
sample-000777 ~,Mozilla_wav,cv_corpus_v1,cv-valid-train,sample-000777.wav
sample-000901 ~,Mozilla_wav,cv_corpus_v1,cv-valid-train,sample-000901.wav
sample-001083 ~,Mozilla_wav,cv_corpus_v1,cv-valid-train,sample-001083.wav
sample-001307 ~,Mozilla_wav,cv_corpus_v1,cv-valid-train,sample-001307.wav
sample-001396 ~,Mozilla_wav,cv_corpus_v1,cv-valid-train,sample-001396.wav
sample-001440 ~,Mozilla_wav,cv_corpus_v1,cv-valid-train,sample-001440.wav
sample-001515 ~,Mozilla_wav,cv_corpus_v1,cv-valid-train,sample-001515.wav
sample-001749 ~,Mozilla_wav,cv_corpus_v1,cv-valid-train,sample-001749.wav
sample-001988 ~,Mozilla_wav,cv_corpus_v1,cv-valid-train,sample-001988.wav
sample-002263 ~,Mozilla_wav,cv_corpus_v1,cv-valid-train,sample-002263.wav
sample-002355 ~,Mozilla_wav,cv_corpus_v1,cv-valid-train,sample-002355.wav
sample-002563 ~,Mozilla_wav,cv_corpus_v1,cv-valid-train,sample-002563.wav
sample-002719 ~,Mozilla_wav,cv_corpus_v1,cv-valid-train,sample-002719.wav
sample-002756 ~,Mozilla_wav,cv_corpus_v1,cv-valid-train,sample-002756.wav
sample-002861 ~,Mozilla_wav,cv_corpus_v1,cv-valid-train,sample-002861.wav
sample-003120 ~,Mozilla_wav,cv_corpus_v1,cv-valid-train,sample-003120.wav
sample-003239 ~,Mozilla_wav,cv_corpus_v1,cv-valid-train,sample-003239.wav
sample-003479 ~,Mozilla_wav,cv_corpus_v1,cv-valid-train,sample-003479.wav
sample-003685 ~,Mozilla_wav,cv_corpus_v1,cv-valid-train,sample-003685.wav
sample-003750 ~,Mozilla_wav,cv_corpus_v1,cv-valid-train,sample-003750.wav
sample-003936 ~,Mozilla_wav,cv_corpus_v1,cv-valid-train,sample-003936.wav
sample-004033 ~,Mozilla_wav,cv_corpus_v1,cv-valid-train,sample-004033.wav
sample-004182 ~,Mozilla_wav,cv_corpus_v1,cv-valid-train,sample-004182.wav
sample-004436 ~,Mozilla_wav,cv_corpus_v1,cv-valid-train,sample-004436.wav
sample-004797 ~,Mozilla_wav,cv_corpus_v1,cv-valid-train,sample-004797.wav
sample-005131 ~,Mozilla_wav,cv_corpus_v1,cv-valid-train,sample-005131.wav
sample-005167 ~,Mozilla_wav,cv_corpus_v1,cv-valid-train,sample-005167.wav
sample-005188 ~,Mozilla_wav,cv_corpus_v1,cv-valid-train,sample-005188.wav
sample-005345 ~,Mozilla_wav,cv_corpus_v1,cv-valid-train,sample-005345.wav
sample-005529 ~,Mozilla_wav,cv_corpus_v1,cv-valid-train,sample-005529.wav
sample-006021 ~,Mozilla_wav,cv_corpus_v1,cv-valid-train,sample-006021.wav
sample-006130 ~,Mozilla_wav,cv_corpus_v1,cv-valid-train,sample-006130.wav
sample-006174 ~,Mozilla_wav,cv_corpus_v1,cv-valid-train,sample-006174.wav
sample-006397 ~,Mozilla_wav,cv_corpus_v1,cv-valid-train,sample-006397.wav
sample-006605 ~,Mozilla_wav,cv_corpus_v1,cv-valid-train,sample-006605.wav
sample-006770 ~,Mozilla_wav,cv_corpus_v1,cv-valid-train,sample-006770.wav
sample-006938 ~,Mozilla_wav,cv_corpus_v1,cv-valid-train,sample-006938.wav
sample-007283 ~,Mozilla_wav,cv_corpus_v1,cv-valid-train,sample-007283.wav
sample-007519 ~,Mozilla_wav,cv_corpus_v1,cv-valid-train,sample-007519.wav
sample-007630 ~,Mozilla_wav,cv_corpus_v1,cv-valid-train,sample-007630.wav
sample-007768 ~,Mozilla_wav,cv_corpus_v1,cv-valid-train,sample-007768.wav
sample-007917 ~,Mozilla_wav,cv_corpus_v1,cv-valid-train,sample-007917.wav
sample-008100 ~,Mozilla_wav,cv_corpus_v1,cv-valid-train,sample-008100.wav
sample-008376 ~,Mozilla_wav,cv_corpus_v1,cv-valid-train,sample-008376.wav
sample-008453 ~,Mozilla_wav,cv_corpus_v1,cv-valid-train,sample-008453.wav
sample-008672 ~,Mozilla_wav,cv_corpus_v1,cv-valid-train,sample-008672.wav
sample-008765 ~,Mozilla_wav,cv_corpus_v1,cv-valid-train,sample-008765.wav
sample-008777 ~,Mozilla_wav,cv_corpus_v1,cv-valid-train,sample-008777.wav
sample-008982 ~,Mozilla_wav,cv_corpus_v1,cv-valid-train,sample-008982.wav
sample-009168 ~,Mozilla_wav,cv_corpus_v1,cv-valid-train,sample-009168.wav
sample-009248 ~,Mozilla_wav,cv_corpus_v1,cv-valid-train,sample-009248.wav
sample-009271 ~,Mozilla_wav,cv_corpus_v1,cv-valid-train,sample-009271.wav
sample-009449 ~,Mozilla_wav,cv_corpus_v1,cv-valid-train,sample-009449.wav
sample-009658 ~,Mozilla_wav,cv_corpus_v1,cv-valid-train,sample-009658.wav
sample-009972 ~,Mozilla_wav,cv_corpus_v1,cv-valid-train,sample-009972.wav
sample-010095 ~,Mozilla_wav,cv_corpus_v1,cv-valid-train,sample-010095.wav
sample-010297 ~,Mozilla_wav,cv_corpus_v1,cv-valid-train,sample-010297.wav
sample-010443 ~,Mozilla_wav,cv_corpus_v1,cv-valid-train,sample-010443.wav
sample-010800 ~,Mozilla_wav,cv_corpus_v1,cv-valid-train,sample-010800.wav
sample-010996 ~,Mozilla_wav,cv_corpus_v1,cv-valid-train,sample-010996.wav
sample-011103 ~,Mozilla_wav,cv_corpus_v1,cv-valid-train,sample-011103.wav
sample-011447 ~,Mozilla_wav,cv_corpus_v1,cv-valid-train,sample-011447.wav
sample-011590 ~,Mozilla_wav,cv_corpus_v1,cv-valid-train,sample-011590.wav
sample-011756 ~,Mozilla_wav,cv_corpus_v1,cv-valid-train,sample-011756.wav
sample-011962 ~,Mozilla_wav,cv_corpus_v1,cv-valid-train,sample-011962.wav
sample-012028 ~,Mozilla_wav,cv_corpus_v1,cv-valid-train,sample-012028.wav
sample-012159 ~,Mozilla_wav,cv_corpus_v1,cv-valid-train,sample-012159.wav
sample-012301 ~,Mozilla_wav,cv_corpus_v1,cv-valid-train,sample-012301.wav
sample-012671 ~,Mozilla_wav,cv_corpus_v1,cv-valid-train,sample-012671.wav
sample-012844 ~,Mozilla_wav,cv_corpus_v1,cv-valid-train,sample-012844.wav
sample-012984 ~,Mozilla_wav,cv_corpus_v1,cv-valid-train,sample-012984.wav
sample-013152 ~,Mozilla_wav,cv_corpus_v1,cv-valid-train,sample-013152.wav
sample-013361 ~,Mozilla_wav,cv_corpus_v1,cv-valid-train,sample-013361.wav
sample-013513 ~,Mozilla_wav,cv_corpus_v1,cv-valid-train,sample-013513.wav
sample-013722 ~,Mozilla_wav,cv_corpus_v1,cv-valid-train,sample-013722.wav
sample-013881 ~,Mozilla_wav,cv_corpus_v1,cv-valid-train,sample-013881.wav
sample-014050 ~,Mozilla_wav,cv_corpus_v1,cv-valid-train,sample-014050.wav
sample-014199 ~,Mozilla_wav,cv_corpus_v1,cv-valid-train,sample-014199.wav
sample-014284 ~,Mozilla_wav,cv_corpus_v1,cv-valid-train,sample-014284.wav
sample-014332 ~,Mozilla_wav,cv_corpus_v1,cv-valid-train,sample-014332.wav
sample-014600 ~,Mozilla_wav,cv_corpus_v1,cv-valid-train,sample-014600.wav
sample-014691 ~,Mozilla_wav,cv_corpus_v1,cv-valid-train,sample-014691.wav
sample-014782 ~,Mozilla_wav,cv_corpus_v1,cv-valid-train,sample-014782.wav
sample-014850 ~,Mozilla_wav,cv_corpus_v1,cv-valid-train,sample-014850.wav
sample-014940 ~,Mozilla_wav,cv_corpus_v1,cv-valid-train,sample-014940.wav
sample-015035 ~,Mozilla_wav,cv_corpus_v1,cv-valid-train,sample-015035.wav
sample-015196 ~,Mozilla_wav,cv_corpus_v1,cv-valid-train,sample-015196.wav
sample-015441 ~,Mozilla_wav,cv_corpus_v1,cv-valid-train,sample-015441.wav
sample-015633 ~,Mozilla_wav,cv_corpus_v1,cv-valid-train,sample-015633.wav
sample-015783 ~,Mozilla_wav,cv_corpus_v1,cv-valid-train,sample-015783.wav
sample-015964 ~,Mozilla_wav,cv_corpus_v1,cv-valid-train,sample-015964.wav
sample-016154 ~,Mozilla_wav,cv_corpus_v1,cv-valid-train,sample-016154.wav
sample-016428 ~,Mozilla_wav,cv_corpus_v1,cv-valid-train,sample-016428.wav
sample-016580 ~,Mozilla_wav,cv_corpus_v1,cv-valid-train,sample-016580.wav
sample-016780 ~,Mozilla_wav,cv_corpus_v1,cv-valid-train,sample-016780.wav
sample-017087 ~,Mozilla_wav,cv_corpus_v1,cv-valid-train,sample-017087.wav
sample-017362 ~,Mozilla_wav,cv_corpus_v1,cv-valid-train,sample-017362.wav
sample-017481 ~,Mozilla_wav,cv_corpus_v1,cv-valid-train,sample-017481.wav
sample-017614 ~,Mozilla_wav,cv_corpus_v1,cv-valid-train,sample-017614.wav
sample-017742 ~,Mozilla_wav,cv_corpus_v1,cv-valid-train,sample-017742.wav
sample-017829 ~,Mozilla_wav,cv_corpus_v1,cv-valid-train,sample-017829.wav
sample-017918 ~,Mozilla_wav,cv_corpus_v1,cv-valid-train,sample-017918.wav
sample-018069 ~,Mozilla_wav,cv_corpus_v1,cv-valid-train,sample-018069.wav
sample-018244 ~,Mozilla_wav,cv_corpus_v1,cv-valid-train,sample-018244.wav
sample-018295 ~,Mozilla_wav,cv_corpus_v1,cv-valid-train,sample-018295.wav
sample-018633 ~,Mozilla_wav,cv_corpus_v1,cv-valid-train,sample-018633.wav
sample-018874 ~,Mozilla_wav,cv_corpus_v1,cv-valid-train,sample-018874.wav
sample-018975 ~,Mozilla_wav,cv_corpus_v1,cv-valid-train,sample-018975.wav
sample-019015 ~,Mozilla_wav,cv_corpus_v1,cv-valid-train,sample-019015.wav
sample-019117 ~,Mozilla_wav,cv_corpus_v1,cv-valid-train,sample-019117.wav
sample-019268 ~,Mozilla_wav,cv_corpus_v1,cv-valid-train,sample-019268.wav
sample-019351 ~,Mozilla_wav,cv_corpus_v1,cv-valid-train,sample-019351.wav
sample-019584 ~,Mozilla_wav,cv_corpus_v1,cv-valid-train,sample-019584.wav
sample-019777 ~,Mozilla_wav,cv_corpus_v1,cv-valid-train,sample-019777.wav
sample-019994 ~,Mozilla_wav,cv_corpus_v1,cv-valid-train,sample-019994.wav
sample-020153 ~,Mozilla_wav,cv_corpus_v1,cv-valid-train,sample-020153.wav
sample-020170 ~,Mozilla_wav,cv_corpus_v1,cv-valid-train,sample-020170.wav
sample-020316 ~,Mozilla_wav,cv_corpus_v1,cv-valid-train,sample-020316.wav
sample-020402 ~,Mozilla_wav,cv_corpus_v1,cv-valid-train,sample-020402.wav
sample-020540 ~,Mozilla_wav,cv_corpus_v1,cv-valid-train,sample-020540.wav
sample-020731 ~,Mozilla_wav,cv_corpus_v1,cv-valid-train,sample-020731.wav
sample-020848 ~,Mozilla_wav,cv_corpus_v1,cv-valid-train,sample-020848.wav
sample-020876 ~,Mozilla_wav,cv_corpus_v1,cv-valid-train,sample-020876.wav
sample-021063 ~,Mozilla_wav,cv_corpus_v1,cv-valid-train,sample-021063.wav
sample-021247 ~,Mozilla_wav,cv_corpus_v1,cv-valid-train,sample-021247.wav
sample-021334 ~,Mozilla_wav,cv_corpus_v1,cv-valid-train,sample-021334.wav
sample-021511 ~,Mozilla_wav,cv_corpus_v1,cv-valid-train,sample-021511.wav
sample-021674 ~,Mozilla_wav,cv_corpus_v1,cv-valid-train,sample-021674.wav
sample-021722 ~,Mozilla_wav,cv_corpus_v1,cv-valid-train,sample-021722.wav
sample-021771 ~,Mozilla_wav,cv_corpus_v1,cv-valid-train,sample-021771.wav
sample-021908 ~,Mozilla_wav,cv_corpus_v1,cv-valid-train,sample-021908.wav
sample-022016 ~,Mozilla_wav,cv_corpus_v1,cv-valid-train,sample-022016.wav
sample-022264 ~,Mozilla_wav,cv_corpus_v1,cv-valid-train,sample-022264.wav
sample-022433 ~,Mozilla_wav,cv_corpus_v1,cv-valid-train,sample-022433.wav
sample-022552 ~,Mozilla_wav,cv_corpus_v1,cv-valid-train,sample-022552.wav
sample-022623 ~,Mozilla_wav,cv_corpus_v1,cv-valid-train,sample-022623.wav
sample-022902 ~,Mozilla_wav,cv_corpus_v1,cv-valid-train,sample-022902.wav
sample-023113 ~,Mozilla_wav,cv_corpus_v1,cv-valid-train,sample-023113.wav
sample-023291 ~,Mozilla_wav,cv_corpus_v1,cv-valid-train,sample-023291.wav
sample-023466 ~,Mozilla_wav,cv_corpus_v1,cv-valid-train,sample-023466.wav
sample-023575 ~,Mozilla_wav,cv_corpus_v1,cv-valid-train,sample-023575.wav
sample-023738 ~,Mozilla_wav,cv_corpus_v1,cv-valid-train,sample-023738.wav
sample-023866 ~,Mozilla_wav,cv_corpus_v1,cv-valid-train,sample-023866.wav
sample-024134 ~,Mozilla_wav,cv_corpus_v1,cv-valid-train,sample-024134.wav
sample-024479 ~,Mozilla_wav,cv_corpus_v1,cv-valid-train,sample-024479.wav
sample-024754 ~,Mozilla_wav,cv_corpus_v1,cv-valid-train,sample-024754.wav
sample-024781 ~,Mozilla_wav,cv_corpus_v1,cv-valid-train,sample-024781.wav
sample-024880 ~,Mozilla_wav,cv_corpus_v1,cv-valid-train,sample-024880.wav
sample-024947 ~,Mozilla_wav,cv_corpus_v1,cv-valid-train,sample-024947.wav
sample-025051 ~,Mozilla_wav,cv_corpus_v1,cv-valid-train,sample-025051.wav
sample-025308 ~,Mozilla_wav,cv_corpus_v1,cv-valid-train,sample-025308.wav
sample-025521 ~,Mozilla_wav,cv_corpus_v1,cv-valid-train,sample-025521.wav
sample-025655 ~,Mozilla_wav,cv_corpus_v1,cv-valid-train,sample-025655.wav
sample-025785 ~,Mozilla_wav,cv_corpus_v1,cv-valid-train,sample-025785.wav
sample-025999 ~,Mozilla_wav,cv_corpus_v1,cv-valid-train,sample-025999.wav
sample-026053 ~,Mozilla_wav,cv_corpus_v1,cv-valid-train,sample-026053.wav
sample-026158 ~,Mozilla_wav,cv_corpus_v1,cv-valid-train,sample-026158.wav
sample-026289 ~,Mozilla_wav,cv_corpus_v1,cv-valid-train,sample-026289.wav
sample-026447 ~,Mozilla_wav,cv_corpus_v1,cv-valid-train,sample-026447.wav
sample-026645 ~,Mozilla_wav,cv_corpus_v1,cv-valid-train,sample-026645.wav
sample-026817 ~,Mozilla_wav,cv_corpus_v1,cv-valid-train,sample-026817.wav
sample-026956 ~,Mozilla_wav,cv_corpus_v1,cv-valid-train,sample-026956.wav
sample-027159 ~,Mozilla_wav,cv_corpus_v1,cv-valid-train,sample-027159.wav
sample-027226 ~,Mozilla_wav,cv_corpus_v1,cv-valid-train,sample-027226.wav
sample-027483 ~,Mozilla_wav,cv_corpus_v1,cv-valid-train,sample-027483.wav
sample-027518 ~,Mozilla_wav,cv_corpus_v1,cv-valid-train,sample-027518.wav
sample-027800 ~,Mozilla_wav,cv_corpus_v1,cv-valid-train,sample-027800.wav
sample-027975 ~,Mozilla_wav,cv_corpus_v1,cv-valid-train,sample-027975.wav
sample-028346 ~,Mozilla_wav,cv_corpus_v1,cv-valid-train,sample-028346.wav
sample-028497 ~,Mozilla_wav,cv_corpus_v1,cv-valid-train,sample-028497.wav
sample-028569 ~,Mozilla_wav,cv_corpus_v1,cv-valid-train,sample-028569.wav
sample-028680 ~,Mozilla_wav,cv_corpus_v1,cv-valid-train,sample-028680.wav
sample-028716 ~,Mozilla_wav,cv_corpus_v1,cv-valid-train,sample-028716.wav
sample-028908 ~,Mozilla_wav,cv_corpus_v1,cv-valid-train,sample-028908.wav
sample-029085 ~,Mozilla_wav,cv_corpus_v1,cv-valid-train,sample-029085.wav
sample-029147 ~,Mozilla_wav,cv_corpus_v1,cv-valid-train,sample-029147.wav
sample-029240 ~,Mozilla_wav,cv_corpus_v1,cv-valid-train,sample-029240.wav
sample-029424 ~,Mozilla_wav,cv_corpus_v1,cv-valid-train,sample-029424.wav
sample-029494 ~,Mozilla_wav,cv_corpus_v1,cv-valid-train,sample-029494.wav
sample-029601 ~,Mozilla_wav,cv_corpus_v1,cv-valid-train,sample-029601.wav
sample-029757 ~,Mozilla_wav,cv_corpus_v1,cv-valid-train,sample-029757.wav
sample-029930 ~,Mozilla_wav,cv_corpus_v1,cv-valid-train,sample-029930.wav
sample-030018 ~,Mozilla_wav,cv_corpus_v1,cv-valid-train,sample-030018.wav
sample-030054 ~,Mozilla_wav,cv_corpus_v1,cv-valid-train,sample-030054.wav
sample-030262 ~,Mozilla_wav,cv_corpus_v1,cv-valid-train,sample-030262.wav
sample-030369 ~,Mozilla_wav,cv_corpus_v1,cv-valid-train,sample-030369.wav
sample-030529 ~,Mozilla_wav,cv_corpus_v1,cv-valid-train,sample-030529.wav
sample-030786 ~,Mozilla_wav,cv_corpus_v1,cv-valid-train,sample-030786.wav
sample-031087 ~,Mozilla_wav,cv_corpus_v1,cv-valid-train,sample-031087.wav
sample-031433 ~,Mozilla_wav,cv_corpus_v1,cv-valid-train,sample-031433.wav
sample-031671 ~,Mozilla_wav,cv_corpus_v1,cv-valid-train,sample-031671.wav
sample-031816 ~,Mozilla_wav,cv_corpus_v1,cv-valid-train,sample-031816.wav
sample-031858 ~,Mozilla_wav,cv_corpus_v1,cv-valid-train,sample-031858.wav
sample-032118 ~,Mozilla_wav,cv_corpus_v1,cv-valid-train,sample-032118.wav
sample-032199 ~,Mozilla_wav,cv_corpus_v1,cv-valid-train,sample-032199.wav
sample-032311 ~,Mozilla_wav,cv_corpus_v1,cv-valid-train,sample-032311.wav
sample-032454 ~,Mozilla_wav,cv_corpus_v1,cv-valid-train,sample-032454.wav
sample-032538 ~,Mozilla_wav,cv_corpus_v1,cv-valid-train,sample-032538.wav
sample-032729 ~,Mozilla_wav,cv_corpus_v1,cv-valid-train,sample-032729.wav
sample-032932 ~,Mozilla_wav,cv_corpus_v1,cv-valid-train,sample-032932.wav
sample-033011 ~,Mozilla_wav,cv_corpus_v1,cv-valid-train,sample-033011.wav
sample-033112 ~,Mozilla_wav,cv_corpus_v1,cv-valid-train,sample-033112.wav
sample-033178 ~,Mozilla_wav,cv_corpus_v1,cv-valid-train,sample-033178.wav
sample-033406 ~,Mozilla_wav,cv_corpus_v1,cv-valid-train,sample-033406.wav
sample-033473 ~,Mozilla_wav,cv_corpus_v1,cv-valid-train,sample-033473.wav
sample-033560 ~,Mozilla_wav,cv_corpus_v1,cv-valid-train,sample-033560.wav
sample-033655 ~,Mozilla_wav,cv_corpus_v1,cv-valid-train,sample-033655.wav
sample-033874 ~,Mozilla_wav,cv_corpus_v1,cv-valid-train,sample-033874.wav
sample-033982 ~,Mozilla_wav,cv_corpus_v1,cv-valid-train,sample-033982.wav
sample-034254 ~,Mozilla_wav,cv_corpus_v1,cv-valid-train,sample-034254.wav
sample-034261 ~,Mozilla_wav,cv_corpus_v1,cv-valid-train,sample-034261.wav
sample-034363 ~,Mozilla_wav,cv_corpus_v1,cv-valid-train,sample-034363.wav
sample-034532 ~,Mozilla_wav,cv_corpus_v1,cv-valid-train,sample-034532.wav
sample-034777 ~,Mozilla_wav,cv_corpus_v1,cv-valid-train,sample-034777.wav
sample-035040 ~,Mozilla_wav,cv_corpus_v1,cv-valid-train,sample-035040.wav
sample-035136 ~,Mozilla_wav,cv_corpus_v1,cv-valid-train,sample-035136.wav
sample-035231 ~,Mozilla_wav,cv_corpus_v1,cv-valid-train,sample-035231.wav
sample-035333 ~,Mozilla_wav,cv_corpus_v1,cv-valid-train,sample-035333.wav
sample-035419 ~,Mozilla_wav,cv_corpus_v1,cv-valid-train,sample-035419.wav
sample-035503 ~,Mozilla_wav,cv_corpus_v1,cv-valid-train,sample-035503.wav
sample-035565 ~,Mozilla_wav,cv_corpus_v1,cv-valid-train,sample-035565.wav
sample-035669 ~,Mozilla_wav,cv_corpus_v1,cv-valid-train,sample-035669.wav
sample-035836 ~,Mozilla_wav,cv_corpus_v1,cv-valid-train,sample-035836.wav
sample-036044 ~,Mozilla_wav,cv_corpus_v1,cv-valid-train,sample-036044.wav
sample-036184 ~,Mozilla_wav,cv_corpus_v1,cv-valid-train,sample-036184.wav
sample-036495 ~,Mozilla_wav,cv_corpus_v1,cv-valid-train,sample-036495.wav
sample-036589 ~,Mozilla_wav,cv_corpus_v1,cv-valid-train,sample-036589.wav
sample-036808 ~,Mozilla_wav,cv_corpus_v1,cv-valid-train,sample-036808.wav
sample-036953 ~,Mozilla_wav,cv_corpus_v1,cv-valid-train,sample-036953.wav
sample-037039 ~,Mozilla_wav,cv_corpus_v1,cv-valid-train,sample-037039.wav
sample-037127 ~,Mozilla_wav,cv_corpus_v1,cv-valid-train,sample-037127.wav
sample-037435 ~,Mozilla_wav,cv_corpus_v1,cv-valid-train,sample-037435.wav
sample-037562 ~,Mozilla_wav,cv_corpus_v1,cv-valid-train,sample-037562.wav
sample-037618 ~,Mozilla_wav,cv_corpus_v1,cv-valid-train,sample-037618.wav
sample-037976 ~,Mozilla_wav,cv_corpus_v1,cv-valid-train,sample-037976.wav
sample-038162 ~,Mozilla_wav,cv_corpus_v1,cv-valid-train,sample-038162.wav
sample-038293 ~,Mozilla_wav,cv_corpus_v1,cv-valid-train,sample-038293.wav
sample-038628 ~,Mozilla_wav,cv_corpus_v1,cv-valid-train,sample-038628.wav
sample-038671 ~,Mozilla_wav,cv_corpus_v1,cv-valid-train,sample-038671.wav
sample-038799 ~,Mozilla_wav,cv_corpus_v1,cv-valid-train,sample-038799.wav
sample-039022 ~,Mozilla_wav,cv_corpus_v1,cv-valid-train,sample-039022.wav
sample-039215 ~,Mozilla_wav,cv_corpus_v1,cv-valid-train,sample-039215.wav
sample-039343 ~,Mozilla_wav,cv_corpus_v1,cv-valid-train,sample-039343.wav
sample-039536 ~,Mozilla_wav,cv_corpus_v1,cv-valid-train,sample-039536.wav
sample-039791 ~,Mozilla_wav,cv_corpus_v1,cv-valid-train,sample-039791.wav
sample-039934 ~,Mozilla_wav,cv_corpus_v1,cv-valid-train,sample-039934.wav
sample-040083 ~,Mozilla_wav,cv_corpus_v1,cv-valid-train,sample-040083.wav
sample-040130 ~,Mozilla_wav,cv_corpus_v1,cv-valid-train,sample-040130.wav
sample-040190 ~,Mozilla_wav,cv_corpus_v1,cv-valid-train,sample-040190.wav
sample-040367 ~,Mozilla_wav,cv_corpus_v1,cv-valid-train,sample-040367.wav
sample-040474 ~,Mozilla_wav,cv_corpus_v1,cv-valid-train,sample-040474.wav
sample-040494 ~,Mozilla_wav,cv_corpus_v1,cv-valid-train,sample-040494.wav
sample-040552 ~,Mozilla_wav,cv_corpus_v1,cv-valid-train,sample-040552.wav
sample-040765 ~,Mozilla_wav,cv_corpus_v1,cv-valid-train,sample-040765.wav
sample-040940 ~,Mozilla_wav,cv_corpus_v1,cv-valid-train,sample-040940.wav
sample-041181 ~,Mozilla_wav,cv_corpus_v1,cv-valid-train,sample-041181.wav
sample-041436 ~,Mozilla_wav,cv_corpus_v1,cv-valid-train,sample-041436.wav
sample-041499 ~,Mozilla_wav,cv_corpus_v1,cv-valid-train,sample-041499.wav
sample-041722 ~,Mozilla_wav,cv_corpus_v1,cv-valid-train,sample-041722.wav
sample-041948 ~,Mozilla_wav,cv_corpus_v1,cv-valid-train,sample-041948.wav
sample-042252 ~,Mozilla_wav,cv_corpus_v1,cv-valid-train,sample-042252.wav
sample-042389 ~,Mozilla_wav,cv_corpus_v1,cv-valid-train,sample-042389.wav
sample-042575 ~,Mozilla_wav,cv_corpus_v1,cv-valid-train,sample-042575.wav
sample-042935 ~,Mozilla_wav,cv_corpus_v1,cv-valid-train,sample-042935.wav
sample-043081 ~,Mozilla_wav,cv_corpus_v1,cv-valid-train,sample-043081.wav
sample-043146 ~,Mozilla_wav,cv_corpus_v1,cv-valid-train,sample-043146.wav
sample-043241 ~,Mozilla_wav,cv_corpus_v1,cv-valid-train,sample-043241.wav
sample-043443 ~,Mozilla_wav,cv_corpus_v1,cv-valid-train,sample-043443.wav
sample-043551 ~,Mozilla_wav,cv_corpus_v1,cv-valid-train,sample-043551.wav
sample-043685 ~,Mozilla_wav,cv_corpus_v1,cv-valid-train,sample-043685.wav
sample-043810 ~,Mozilla_wav,cv_corpus_v1,cv-valid-train,sample-043810.wav
sample-043823 ~,Mozilla_wav,cv_corpus_v1,cv-valid-train,sample-043823.wav
sample-043963 ~,Mozilla_wav,cv_corpus_v1,cv-valid-train,sample-043963.wav
sample-044099 ~,Mozilla_wav,cv_corpus_v1,cv-valid-train,sample-044099.wav
sample-044336 ~,Mozilla_wav,cv_corpus_v1,cv-valid-train,sample-044336.wav
sample-044580 ~,Mozilla_wav,cv_corpus_v1,cv-valid-train,sample-044580.wav
sample-044624 ~,Mozilla_wav,cv_corpus_v1,cv-valid-train,sample-044624.wav
sample-044834 ~,Mozilla_wav,cv_corpus_v1,cv-valid-train,sample-044834.wav
sample-044911 ~,Mozilla_wav,cv_corpus_v1,cv-valid-train,sample-044911.wav
sample-045024 ~,Mozilla_wav,cv_corpus_v1,cv-valid-train,sample-045024.wav
sample-045098 ~,Mozilla_wav,cv_corpus_v1,cv-valid-train,sample-045098.wav
sample-045222 ~,Mozilla_wav,cv_corpus_v1,cv-valid-train,sample-045222.wav
sample-045299 ~,Mozilla_wav,cv_corpus_v1,cv-valid-train,sample-045299.wav
sample-045544 ~,Mozilla_wav,cv_corpus_v1,cv-valid-train,sample-045544.wav
sample-045756 ~,Mozilla_wav,cv_corpus_v1,cv-valid-train,sample-045756.wav
sample-045838 ~,Mozilla_wav,cv_corpus_v1,cv-valid-train,sample-045838.wav
sample-045880 ~,Mozilla_wav,cv_corpus_v1,cv-valid-train,sample-045880.wav
sample-046136 ~,Mozilla_wav,cv_corpus_v1,cv-valid-train,sample-046136.wav
sample-046303 ~,Mozilla_wav,cv_corpus_v1,cv-valid-train,sample-046303.wav
sample-046410 ~,Mozilla_wav,cv_corpus_v1,cv-valid-train,sample-046410.wav
sample-046463 ~,Mozilla_wav,cv_corpus_v1,cv-valid-train,sample-046463.wav
sample-046557 ~,Mozilla_wav,cv_corpus_v1,cv-valid-train,sample-046557.wav
sample-046726 ~,Mozilla_wav,cv_corpus_v1,cv-valid-train,sample-046726.wav
sample-046833 ~,Mozilla_wav,cv_corpus_v1,cv-valid-train,sample-046833.wav
sample-046885 ~,Mozilla_wav,cv_corpus_v1,cv-valid-train,sample-046885.wav
sample-047064 ~,Mozilla_wav,cv_corpus_v1,cv-valid-train,sample-047064.wav
sample-047190 ~,Mozilla_wav,cv_corpus_v1,cv-valid-train,sample-047190.wav
sample-047217 ~,Mozilla_wav,cv_corpus_v1,cv-valid-train,sample-047217.wav
sample-047330 ~,Mozilla_wav,cv_corpus_v1,cv-valid-train,sample-047330.wav
sample-047525 ~,Mozilla_wav,cv_corpus_v1,cv-valid-train,sample-047525.wav
sample-047611 ~,Mozilla_wav,cv_corpus_v1,cv-valid-train,sample-047611.wav
sample-047750 ~,Mozilla_wav,cv_corpus_v1,cv-valid-train,sample-047750.wav
sample-048043 ~,Mozilla_wav,cv_corpus_v1,cv-valid-train,sample-048043.wav
sample-048295 ~,Mozilla_wav,cv_corpus_v1,cv-valid-train,sample-048295.wav
sample-048310 ~,Mozilla_wav,cv_corpus_v1,cv-valid-train,sample-048310.wav
sample-048364 ~,Mozilla_wav,cv_corpus_v1,cv-valid-train,sample-048364.wav
sample-048447 ~,Mozilla_wav,cv_corpus_v1,cv-valid-train,sample-048447.wav
sample-048627 ~,Mozilla_wav,cv_corpus_v1,cv-valid-train,sample-048627.wav
sample-048912 ~,Mozilla_wav,cv_corpus_v1,cv-valid-train,sample-048912.wav
sample-049088 ~,Mozilla_wav,cv_corpus_v1,cv-valid-train,sample-049088.wav
sample-049309 ~,Mozilla_wav,cv_corpus_v1,cv-valid-train,sample-049309.wav
sample-049615 ~,Mozilla_wav,cv_corpus_v1,cv-valid-train,sample-049615.wav
sample-049783 ~,Mozilla_wav,cv_corpus_v1,cv-valid-train,sample-049783.wav
sample-049887 ~,Mozilla_wav,cv_corpus_v1,cv-valid-train,sample-049887.wav
sample-049918 ~,Mozilla_wav,cv_corpus_v1,cv-valid-train,sample-049918.wav
sample-050057 ~,Mozilla_wav,cv_corpus_v1,cv-valid-train,sample-050057.wav
sample-050247 ~,Mozilla_wav,cv_corpus_v1,cv-valid-train,sample-050247.wav
sample-050439 ~,Mozilla_wav,cv_corpus_v1,cv-valid-train,sample-050439.wav
sample-050720 ~,Mozilla_wav,cv_corpus_v1,cv-valid-train,sample-050720.wav
sample-050805 ~,Mozilla_wav,cv_corpus_v1,cv-valid-train,sample-050805.wav
sample-050920 ~,Mozilla_wav,cv_corpus_v1,cv-valid-train,sample-050920.wav
sample-051072 ~,Mozilla_wav,cv_corpus_v1,cv-valid-train,sample-051072.wav
sample-051115 ~,Mozilla_wav,cv_corpus_v1,cv-valid-train,sample-051115.wav
sample-051193 ~,Mozilla_wav,cv_corpus_v1,cv-valid-train,sample-051193.wav
sample-051447 ~,Mozilla_wav,cv_corpus_v1,cv-valid-train,sample-051447.wav
sample-051601 ~,Mozilla_wav,cv_corpus_v1,cv-valid-train,sample-051601.wav
sample-051661 ~,Mozilla_wav,cv_corpus_v1,cv-valid-train,sample-051661.wav
sample-051726 ~,Mozilla_wav,cv_corpus_v1,cv-valid-train,sample-051726.wav
sample-051933 ~,Mozilla_wav,cv_corpus_v1,cv-valid-train,sample-051933.wav
sample-052041 ~,Mozilla_wav,cv_corpus_v1,cv-valid-train,sample-052041.wav
sample-052234 ~,Mozilla_wav,cv_corpus_v1,cv-valid-train,sample-052234.wav
sample-052437 ~,Mozilla_wav,cv_corpus_v1,cv-valid-train,sample-052437.wav
sample-052534 ~,Mozilla_wav,cv_corpus_v1,cv-valid-train,sample-052534.wav
sample-052719 ~,Mozilla_wav,cv_corpus_v1,cv-valid-train,sample-052719.wav
sample-052933 ~,Mozilla_wav,cv_corpus_v1,cv-valid-train,sample-052933.wav
sample-053264 ~,Mozilla_wav,cv_corpus_v1,cv-valid-train,sample-053264.wav
sample-053349 ~,Mozilla_wav,cv_corpus_v1,cv-valid-train,sample-053349.wav
sample-053469 ~,Mozilla_wav,cv_corpus_v1,cv-valid-train,sample-053469.wav
sample-053745 ~,Mozilla_wav,cv_corpus_v1,cv-valid-train,sample-053745.wav
sample-054115 ~,Mozilla_wav,cv_corpus_v1,cv-valid-train,sample-054115.wav
sample-054192 ~,Mozilla_wav,cv_corpus_v1,cv-valid-train,sample-054192.wav
sample-054300 ~,Mozilla_wav,cv_corpus_v1,cv-valid-train,sample-054300.wav
sample-054429 ~,Mozilla_wav,cv_corpus_v1,cv-valid-train,sample-054429.wav
sample-054507 ~,Mozilla_wav,cv_corpus_v1,cv-valid-train,sample-054507.wav
sample-054636 ~,Mozilla_wav,cv_corpus_v1,cv-valid-train,sample-054636.wav
sample-054763 ~,Mozilla_wav,cv_corpus_v1,cv-valid-train,sample-054763.wav
sample-054831 ~,Mozilla_wav,cv_corpus_v1,cv-valid-train,sample-054831.wav
sample-055081 ~,Mozilla_wav,cv_corpus_v1,cv-valid-train,sample-055081.wav
sample-055406 ~,Mozilla_wav,cv_corpus_v1,cv-valid-train,sample-055406.wav
sample-055480 ~,Mozilla_wav,cv_corpus_v1,cv-valid-train,sample-055480.wav
sample-055547 ~,Mozilla_wav,cv_corpus_v1,cv-valid-train,sample-055547.wav
sample-055637 ~,Mozilla_wav,cv_corpus_v1,cv-valid-train,sample-055637.wav
sample-055731 ~,Mozilla_wav,cv_corpus_v1,cv-valid-train,sample-055731.wav
sample-055827 ~,Mozilla_wav,cv_corpus_v1,cv-valid-train,sample-055827.wav
sample-056029 ~,Mozilla_wav,cv_corpus_v1,cv-valid-train,sample-056029.wav
sample-056086 ~,Mozilla_wav,cv_corpus_v1,cv-valid-train,sample-056086.wav
sample-056392 ~,Mozilla_wav,cv_corpus_v1,cv-valid-train,sample-056392.wav
sample-056547 ~,Mozilla_wav,cv_corpus_v1,cv-valid-train,sample-056547.wav
sample-056664 ~,Mozilla_wav,cv_corpus_v1,cv-valid-train,sample-056664.wav
sample-056746 ~,Mozilla_wav,cv_corpus_v1,cv-valid-train,sample-056746.wav
sample-056864 ~,Mozilla_wav,cv_corpus_v1,cv-valid-train,sample-056864.wav
sample-056921 ~,Mozilla_wav,cv_corpus_v1,cv-valid-train,sample-056921.wav
sample-057111 ~,Mozilla_wav,cv_corpus_v1,cv-valid-train,sample-057111.wav
sample-057231 ~,Mozilla_wav,cv_corpus_v1,cv-valid-train,sample-057231.wav
sample-057350 ~,Mozilla_wav,cv_corpus_v1,cv-valid-train,sample-057350.wav
sample-057492 ~,Mozilla_wav,cv_corpus_v1,cv-valid-train,sample-057492.wav
sample-057521 ~,Mozilla_wav,cv_corpus_v1,cv-valid-train,sample-057521.wav
sample-057849 ~,Mozilla_wav,cv_corpus_v1,cv-valid-train,sample-057849.wav
sample-058110 ~,Mozilla_wav,cv_corpus_v1,cv-valid-train,sample-058110.wav
sample-058235 ~,Mozilla_wav,cv_corpus_v1,cv-valid-train,sample-058235.wav
sample-058295 ~,Mozilla_wav,cv_corpus_v1,cv-valid-train,sample-058295.wav
sample-058347 ~,Mozilla_wav,cv_corpus_v1,cv-valid-train,sample-058347.wav
sample-058500 ~,Mozilla_wav,cv_corpus_v1,cv-valid-train,sample-058500.wav
sample-058606 ~,Mozilla_wav,cv_corpus_v1,cv-valid-train,sample-058606.wav
sample-058694 ~,Mozilla_wav,cv_corpus_v1,cv-valid-train,sample-058694.wav
sample-058873 ~,Mozilla_wav,cv_corpus_v1,cv-valid-train,sample-058873.wav
sample-059101 ~,Mozilla_wav,cv_corpus_v1,cv-valid-train,sample-059101.wav
sample-059380 ~,Mozilla_wav,cv_corpus_v1,cv-valid-train,sample-059380.wav
sample-059545 ~,Mozilla_wav,cv_corpus_v1,cv-valid-train,sample-059545.wav
sample-059661 ~,Mozilla_wav,cv_corpus_v1,cv-valid-train,sample-059661.wav
sample-059987 ~,Mozilla_wav,cv_corpus_v1,cv-valid-train,sample-059987.wav
sample-060071 ~,Mozilla_wav,cv_corpus_v1,cv-valid-train,sample-060071.wav
sample-060186 ~,Mozilla_wav,cv_corpus_v1,cv-valid-train,sample-060186.wav
sample-060291 ~,Mozilla_wav,cv_corpus_v1,cv-valid-train,sample-060291.wav
sample-060496 ~,Mozilla_wav,cv_corpus_v1,cv-valid-train,sample-060496.wav
sample-060744 ~,Mozilla_wav,cv_corpus_v1,cv-valid-train,sample-060744.wav
sample-060839 ~,Mozilla_wav,cv_corpus_v1,cv-valid-train,sample-060839.wav
sample-061102 ~,Mozilla_wav,cv_corpus_v1,cv-valid-train,sample-061102.wav
sample-061114 ~,Mozilla_wav,cv_corpus_v1,cv-valid-train,sample-061114.wav
sample-061208 ~,Mozilla_wav,cv_corpus_v1,cv-valid-train,sample-061208.wav
sample-061441 ~,Mozilla_wav,cv_corpus_v1,cv-valid-train,sample-061441.wav
sample-061600 ~,Mozilla_wav,cv_corpus_v1,cv-valid-train,sample-061600.wav
sample-061672 ~,Mozilla_wav,cv_corpus_v1,cv-valid-train,sample-061672.wav
sample-061876 ~,Mozilla_wav,cv_corpus_v1,cv-valid-train,sample-061876.wav
sample-061951 ~,Mozilla_wav,cv_corpus_v1,cv-valid-train,sample-061951.wav
sample-062241 ~,Mozilla_wav,cv_corpus_v1,cv-valid-train,sample-062241.wav
sample-062416 ~,Mozilla_wav,cv_corpus_v1,cv-valid-train,sample-062416.wav
sample-062481 ~,Mozilla_wav,cv_corpus_v1,cv-valid-train,sample-062481.wav
sample-062671 ~,Mozilla_wav,cv_corpus_v1,cv-valid-train,sample-062671.wav
sample-062815 ~,Mozilla_wav,cv_corpus_v1,cv-valid-train,sample-062815.wav
sample-063052 ~,Mozilla_wav,cv_corpus_v1,cv-valid-train,sample-063052.wav
sample-063298 ~,Mozilla_wav,cv_corpus_v1,cv-valid-train,sample-063298.wav
sample-063514 ~,Mozilla_wav,cv_corpus_v1,cv-valid-train,sample-063514.wav
sample-063588 ~,Mozilla_wav,cv_corpus_v1,cv-valid-train,sample-063588.wav
sample-063794 ~,Mozilla_wav,cv_corpus_v1,cv-valid-train,sample-063794.wav
sample-063915 ~,Mozilla_wav,cv_corpus_v1,cv-valid-train,sample-063915.wav
sample-064034 ~,Mozilla_wav,cv_corpus_v1,cv-valid-train,sample-064034.wav
sample-064426 ~,Mozilla_wav,cv_corpus_v1,cv-valid-train,sample-064426.wav
sample-064559 ~,Mozilla_wav,cv_corpus_v1,cv-valid-train,sample-064559.wav
sample-064795 ~,Mozilla_wav,cv_corpus_v1,cv-valid-train,sample-064795.wav
sample-064915 ~,Mozilla_wav,cv_corpus_v1,cv-valid-train,sample-064915.wav
sample-065053 ~,Mozilla_wav,cv_corpus_v1,cv-valid-train,sample-065053.wav
sample-065123 ~,Mozilla_wav,cv_corpus_v1,cv-valid-train,sample-065123.wav
sample-065216 ~,Mozilla_wav,cv_corpus_v1,cv-valid-train,sample-065216.wav
sample-065292 ~,Mozilla_wav,cv_corpus_v1,cv-valid-train,sample-065292.wav
sample-065595 ~,Mozilla_wav,cv_corpus_v1,cv-valid-train,sample-065595.wav
sample-065641 ~,Mozilla_wav,cv_corpus_v1,cv-valid-train,sample-065641.wav
sample-065775 ~,Mozilla_wav,cv_corpus_v1,cv-valid-train,sample-065775.wav
sample-065983 ~,Mozilla_wav,cv_corpus_v1,cv-valid-train,sample-065983.wav
sample-066173 ~,Mozilla_wav,cv_corpus_v1,cv-valid-train,sample-066173.wav
sample-066366 ~,Mozilla_wav,cv_corpus_v1,cv-valid-train,sample-066366.wav
sample-066421 ~,Mozilla_wav,cv_corpus_v1,cv-valid-train,sample-066421.wav
sample-066453 ~,Mozilla_wav,cv_corpus_v1,cv-valid-train,sample-066453.wav
sample-066559 ~,Mozilla_wav,cv_corpus_v1,cv-valid-train,sample-066559.wav
sample-066719 ~,Mozilla_wav,cv_corpus_v1,cv-valid-train,sample-066719.wav
sample-066922 ~,Mozilla_wav,cv_corpus_v1,cv-valid-train,sample-066922.wav
sample-066937 ~,Mozilla_wav,cv_corpus_v1,cv-valid-train,sample-066937.wav
sample-067115 ~,Mozilla_wav,cv_corpus_v1,cv-valid-train,sample-067115.wav
sample-067188 ~,Mozilla_wav,cv_corpus_v1,cv-valid-train,sample-067188.wav
sample-067531 ~,Mozilla_wav,cv_corpus_v1,cv-valid-train,sample-067531.wav
sample-067668 ~,Mozilla_wav,cv_corpus_v1,cv-valid-train,sample-067668.wav
sample-067866 ~,Mozilla_wav,cv_corpus_v1,cv-valid-train,sample-067866.wav
sample-068112 ~,Mozilla_wav,cv_corpus_v1,cv-valid-train,sample-068112.wav
sample-068262 ~,Mozilla_wav,cv_corpus_v1,cv-valid-train,sample-068262.wav
sample-068475 ~,Mozilla_wav,cv_corpus_v1,cv-valid-train,sample-068475.wav
sample-068498 ~,Mozilla_wav,cv_corpus_v1,cv-valid-train,sample-068498.wav
sample-068708 ~,Mozilla_wav,cv_corpus_v1,cv-valid-train,sample-068708.wav
sample-068859 ~,Mozilla_wav,cv_corpus_v1,cv-valid-train,sample-068859.wav
sample-069088 ~,Mozilla_wav,cv_corpus_v1,cv-valid-train,sample-069088.wav
sample-069281 ~,Mozilla_wav,cv_corpus_v1,cv-valid-train,sample-069281.wav
sample-069335 ~,Mozilla_wav,cv_corpus_v1,cv-valid-train,sample-069335.wav
sample-069688 ~,Mozilla_wav,cv_corpus_v1,cv-valid-train,sample-069688.wav
sample-069777 ~,Mozilla_wav,cv_corpus_v1,cv-valid-train,sample-069777.wav
sample-069847 ~,Mozilla_wav,cv_corpus_v1,cv-valid-train,sample-069847.wav
sample-070031 ~,Mozilla_wav,cv_corpus_v1,cv-valid-train,sample-070031.wav
sample-070237 ~,Mozilla_wav,cv_corpus_v1,cv-valid-train,sample-070237.wav
sample-070262 ~,Mozilla_wav,cv_corpus_v1,cv-valid-train,sample-070262.wav
sample-070613 ~,Mozilla_wav,cv_corpus_v1,cv-valid-train,sample-070613.wav
sample-070789 ~,Mozilla_wav,cv_corpus_v1,cv-valid-train,sample-070789.wav
sample-070950 ~,Mozilla_wav,cv_corpus_v1,cv-valid-train,sample-070950.wav
sample-071252 ~,Mozilla_wav,cv_corpus_v1,cv-valid-train,sample-071252.wav
sample-071297 ~,Mozilla_wav,cv_corpus_v1,cv-valid-train,sample-071297.wav
sample-071498 ~,Mozilla_wav,cv_corpus_v1,cv-valid-train,sample-071498.wav
sample-071737 ~,Mozilla_wav,cv_corpus_v1,cv-valid-train,sample-071737.wav
sample-071769 ~,Mozilla_wav,cv_corpus_v1,cv-valid-train,sample-071769.wav
sample-071954 ~,Mozilla_wav,cv_corpus_v1,cv-valid-train,sample-071954.wav
sample-072063 ~,Mozilla_wav,cv_corpus_v1,cv-valid-train,sample-072063.wav
sample-072229 ~,Mozilla_wav,cv_corpus_v1,cv-valid-train,sample-072229.wav
sample-072436 ~,Mozilla_wav,cv_corpus_v1,cv-valid-train,sample-072436.wav
sample-072671 ~,Mozilla_wav,cv_corpus_v1,cv-valid-train,sample-072671.wav
sample-072821 ~,Mozilla_wav,cv_corpus_v1,cv-valid-train,sample-072821.wav
sample-073295 ~,Mozilla_wav,cv_corpus_v1,cv-valid-train,sample-073295.wav
sample-073395 ~,Mozilla_wav,cv_corpus_v1,cv-valid-train,sample-073395.wav
sample-073448 ~,Mozilla_wav,cv_corpus_v1,cv-valid-train,sample-073448.wav
sample-073509 ~,Mozilla_wav,cv_corpus_v1,cv-valid-train,sample-073509.wav
sample-073708 ~,Mozilla_wav,cv_corpus_v1,cv-valid-train,sample-073708.wav
sample-073799 ~,Mozilla_wav,cv_corpus_v1,cv-valid-train,sample-073799.wav
sample-074022 ~,Mozilla_wav,cv_corpus_v1,cv-valid-train,sample-074022.wav
sample-074292 ~,Mozilla_wav,cv_corpus_v1,cv-valid-train,sample-074292.wav
sample-074414 ~,Mozilla_wav,cv_corpus_v1,cv-valid-train,sample-074414.wav
sample-074590 ~,Mozilla_wav,cv_corpus_v1,cv-valid-train,sample-074590.wav
sample-074841 ~,Mozilla_wav,cv_corpus_v1,cv-valid-train,sample-074841.wav
sample-074917 ~,Mozilla_wav,cv_corpus_v1,cv-valid-train,sample-074917.wav
sample-075058 ~,Mozilla_wav,cv_corpus_v1,cv-valid-train,sample-075058.wav
sample-075151 ~,Mozilla_wav,cv_corpus_v1,cv-valid-train,sample-075151.wav
sample-075349 ~,Mozilla_wav,cv_corpus_v1,cv-valid-train,sample-075349.wav
sample-075436 ~,Mozilla_wav,cv_corpus_v1,cv-valid-train,sample-075436.wav
sample-075574 ~,Mozilla_wav,cv_corpus_v1,cv-valid-train,sample-075574.wav
sample-075671 ~,Mozilla_wav,cv_corpus_v1,cv-valid-train,sample-075671.wav
sample-075891 ~,Mozilla_wav,cv_corpus_v1,cv-valid-train,sample-075891.wav
sample-075965 ~,Mozilla_wav,cv_corpus_v1,cv-valid-train,sample-075965.wav
sample-076060 ~,Mozilla_wav,cv_corpus_v1,cv-valid-train,sample-076060.wav
sample-076130 ~,Mozilla_wav,cv_corpus_v1,cv-valid-train,sample-076130.wav
sample-076341 ~,Mozilla_wav,cv_corpus_v1,cv-valid-train,sample-076341.wav
sample-076466 ~,Mozilla_wav,cv_corpus_v1,cv-valid-train,sample-076466.wav
sample-076595 ~,Mozilla_wav,cv_corpus_v1,cv-valid-train,sample-076595.wav
sample-076746 ~,Mozilla_wav,cv_corpus_v1,cv-valid-train,sample-076746.wav
sample-077313 ~,Mozilla_wav,cv_corpus_v1,cv-valid-train,sample-077313.wav
sample-077502 ~,Mozilla_wav,cv_corpus_v1,cv-valid-train,sample-077502.wav
sample-077656 ~,Mozilla_wav,cv_corpus_v1,cv-valid-train,sample-077656.wav
sample-077886 ~,Mozilla_wav,cv_corpus_v1,cv-valid-train,sample-077886.wav
sample-077917 ~,Mozilla_wav,cv_corpus_v1,cv-valid-train,sample-077917.wav
sample-078009 ~,Mozilla_wav,cv_corpus_v1,cv-valid-train,sample-078009.wav
sample-078238 ~,Mozilla_wav,cv_corpus_v1,cv-valid-train,sample-078238.wav
sample-078428 ~,Mozilla_wav,cv_corpus_v1,cv-valid-train,sample-078428.wav
sample-078730 ~,Mozilla_wav,cv_corpus_v1,cv-valid-train,sample-078730.wav
sample-078896 ~,Mozilla_wav,cv_corpus_v1,cv-valid-train,sample-078896.wav
sample-079058 ~,Mozilla_wav,cv_corpus_v1,cv-valid-train,sample-079058.wav
sample-079215 ~,Mozilla_wav,cv_corpus_v1,cv-valid-train,sample-079215.wav
sample-079507 ~,Mozilla_wav,cv_corpus_v1,cv-valid-train,sample-079507.wav
sample-079551 ~,Mozilla_wav,cv_corpus_v1,cv-valid-train,sample-079551.wav
sample-079630 ~,Mozilla_wav,cv_corpus_v1,cv-valid-train,sample-079630.wav
sample-079843 ~,Mozilla_wav,cv_corpus_v1,cv-valid-train,sample-079843.wav
sample-080155 ~,Mozilla_wav,cv_corpus_v1,cv-valid-train,sample-080155.wav
sample-080397 ~,Mozilla_wav,cv_corpus_v1,cv-valid-train,sample-080397.wav
sample-080587 ~,Mozilla_wav,cv_corpus_v1,cv-valid-train,sample-080587.wav
sample-080788 ~,Mozilla_wav,cv_corpus_v1,cv-valid-train,sample-080788.wav
sample-080969 ~,Mozilla_wav,cv_corpus_v1,cv-valid-train,sample-080969.wav
sample-081232 ~,Mozilla_wav,cv_corpus_v1,cv-valid-train,sample-081232.wav
sample-081524 ~,Mozilla_wav,cv_corpus_v1,cv-valid-train,sample-081524.wav
sample-081600 ~,Mozilla_wav,cv_corpus_v1,cv-valid-train,sample-081600.wav
sample-081617 ~,Mozilla_wav,cv_corpus_v1,cv-valid-train,sample-081617.wav
sample-081742 ~,Mozilla_wav,cv_corpus_v1,cv-valid-train,sample-081742.wav
sample-081919 ~,Mozilla_wav,cv_corpus_v1,cv-valid-train,sample-081919.wav
sample-082119 ~,Mozilla_wav,cv_corpus_v1,cv-valid-train,sample-082119.wav
sample-082215 ~,Mozilla_wav,cv_corpus_v1,cv-valid-train,sample-082215.wav
sample-082381 ~,Mozilla_wav,cv_corpus_v1,cv-valid-train,sample-082381.wav
sample-082491 ~,Mozilla_wav,cv_corpus_v1,cv-valid-train,sample-082491.wav
sample-082594 ~,Mozilla_wav,cv_corpus_v1,cv-valid-train,sample-082594.wav
sample-082794 ~,Mozilla_wav,cv_corpus_v1,cv-valid-train,sample-082794.wav
sample-082852 ~,Mozilla_wav,cv_corpus_v1,cv-valid-train,sample-082852.wav
sample-082952 ~,Mozilla_wav,cv_corpus_v1,cv-valid-train,sample-082952.wav
sample-083177 ~,Mozilla_wav,cv_corpus_v1,cv-valid-train,sample-083177.wav
sample-083430 ~,Mozilla_wav,cv_corpus_v1,cv-valid-train,sample-083430.wav
sample-083522 ~,Mozilla_wav,cv_corpus_v1,cv-valid-train,sample-083522.wav
sample-083653 ~,Mozilla_wav,cv_corpus_v1,cv-valid-train,sample-083653.wav
sample-083927 ~,Mozilla_wav,cv_corpus_v1,cv-valid-train,sample-083927.wav
sample-084064 ~,Mozilla_wav,cv_corpus_v1,cv-valid-train,sample-084064.wav
sample-084105 ~,Mozilla_wav,cv_corpus_v1,cv-valid-train,sample-084105.wav
sample-084174 ~,Mozilla_wav,cv_corpus_v1,cv-valid-train,sample-084174.wav
sample-084278 ~,Mozilla_wav,cv_corpus_v1,cv-valid-train,sample-084278.wav
sample-084395 ~,Mozilla_wav,cv_corpus_v1,cv-valid-train,sample-084395.wav
sample-084703 ~,Mozilla_wav,cv_corpus_v1,cv-valid-train,sample-084703.wav
sample-085000 ~,Mozilla_wav,cv_corpus_v1,cv-valid-train,sample-085000.wav
sample-085276 ~,Mozilla_wav,cv_corpus_v1,cv-valid-train,sample-085276.wav
sample-085459 ~,Mozilla_wav,cv_corpus_v1,cv-valid-train,sample-085459.wav
sample-085679 ~,Mozilla_wav,cv_corpus_v1,cv-valid-train,sample-085679.wav
sample-085801 ~,Mozilla_wav,cv_corpus_v1,cv-valid-train,sample-085801.wav
sample-085809 ~,Mozilla_wav,cv_corpus_v1,cv-valid-train,sample-085809.wav
sample-085962 ~,Mozilla_wav,cv_corpus_v1,cv-valid-train,sample-085962.wav
sample-086217 ~,Mozilla_wav,cv_corpus_v1,cv-valid-train,sample-086217.wav
sample-086283 ~,Mozilla_wav,cv_corpus_v1,cv-valid-train,sample-086283.wav
sample-086501 ~,Mozilla_wav,cv_corpus_v1,cv-valid-train,sample-086501.wav
sample-086649 ~,Mozilla_wav,cv_corpus_v1,cv-valid-train,sample-086649.wav
sample-086708 ~,Mozilla_wav,cv_corpus_v1,cv-valid-train,sample-086708.wav
sample-086908 ~,Mozilla_wav,cv_corpus_v1,cv-valid-train,sample-086908.wav
sample-087048 ~,Mozilla_wav,cv_corpus_v1,cv-valid-train,sample-087048.wav
sample-087166 ~,Mozilla_wav,cv_corpus_v1,cv-valid-train,sample-087166.wav
sample-087281 ~,Mozilla_wav,cv_corpus_v1,cv-valid-train,sample-087281.wav
sample-087480 ~,Mozilla_wav,cv_corpus_v1,cv-valid-train,sample-087480.wav
sample-087684 ~,Mozilla_wav,cv_corpus_v1,cv-valid-train,sample-087684.wav
sample-087748 ~,Mozilla_wav,cv_corpus_v1,cv-valid-train,sample-087748.wav
sample-088074 ~,Mozilla_wav,cv_corpus_v1,cv-valid-train,sample-088074.wav
sample-088133 ~,Mozilla_wav,cv_corpus_v1,cv-valid-train,sample-088133.wav
sample-088266 ~,Mozilla_wav,cv_corpus_v1,cv-valid-train,sample-088266.wav
sample-088412 ~,Mozilla_wav,cv_corpus_v1,cv-valid-train,sample-088412.wav
sample-088611 ~,Mozilla_wav,cv_corpus_v1,cv-valid-train,sample-088611.wav
sample-088668 ~,Mozilla_wav,cv_corpus_v1,cv-valid-train,sample-088668.wav
sample-088753 ~,Mozilla_wav,cv_corpus_v1,cv-valid-train,sample-088753.wav
sample-088916 ~,Mozilla_wav,cv_corpus_v1,cv-valid-train,sample-088916.wav
sample-089025 ~,Mozilla_wav,cv_corpus_v1,cv-valid-train,sample-089025.wav
sample-089261 ~,Mozilla_wav,cv_corpus_v1,cv-valid-train,sample-089261.wav
sample-089507 ~,Mozilla_wav,cv_corpus_v1,cv-valid-train,sample-089507.wav
sample-089680 ~,Mozilla_wav,cv_corpus_v1,cv-valid-train,sample-089680.wav
sample-089901 ~,Mozilla_wav,cv_corpus_v1,cv-valid-train,sample-089901.wav
sample-089998 ~,Mozilla_wav,cv_corpus_v1,cv-valid-train,sample-089998.wav
sample-090011 ~,Mozilla_wav,cv_corpus_v1,cv-valid-train,sample-090011.wav
sample-090500 ~,Mozilla_wav,cv_corpus_v1,cv-valid-train,sample-090500.wav
sample-090713 ~,Mozilla_wav,cv_corpus_v1,cv-valid-train,sample-090713.wav
sample-091019 ~,Mozilla_wav,cv_corpus_v1,cv-valid-train,sample-091019.wav
sample-091454 ~,Mozilla_wav,cv_corpus_v1,cv-valid-train,sample-091454.wav
sample-091495 ~,Mozilla_wav,cv_corpus_v1,cv-valid-train,sample-091495.wav
sample-091569 ~,Mozilla_wav,cv_corpus_v1,cv-valid-train,sample-091569.wav
sample-091731 ~,Mozilla_wav,cv_corpus_v1,cv-valid-train,sample-091731.wav
sample-091903 ~,Mozilla_wav,cv_corpus_v1,cv-valid-train,sample-091903.wav
sample-092050 ~,Mozilla_wav,cv_corpus_v1,cv-valid-train,sample-092050.wav
sample-092161 ~,Mozilla_wav,cv_corpus_v1,cv-valid-train,sample-092161.wav
sample-092253 ~,Mozilla_wav,cv_corpus_v1,cv-valid-train,sample-092253.wav
sample-092285 ~,Mozilla_wav,cv_corpus_v1,cv-valid-train,sample-092285.wav
sample-092422 ~,Mozilla_wav,cv_corpus_v1,cv-valid-train,sample-092422.wav
sample-092829 ~,Mozilla_wav,cv_corpus_v1,cv-valid-train,sample-092829.wav
sample-093064 ~,Mozilla_wav,cv_corpus_v1,cv-valid-train,sample-093064.wav
sample-093434 ~,Mozilla_wav,cv_corpus_v1,cv-valid-train,sample-093434.wav
sample-093753 ~,Mozilla_wav,cv_corpus_v1,cv-valid-train,sample-093753.wav
sample-094031 ~,Mozilla_wav,cv_corpus_v1,cv-valid-train,sample-094031.wav
sample-094059 ~,Mozilla_wav,cv_corpus_v1,cv-valid-train,sample-094059.wav
sample-094294 ~,Mozilla_wav,cv_corpus_v1,cv-valid-train,sample-094294.wav
sample-094426 ~,Mozilla_wav,cv_corpus_v1,cv-valid-train,sample-094426.wav
sample-094734 ~,Mozilla_wav,cv_corpus_v1,cv-valid-train,sample-094734.wav
sample-095005 ~,Mozilla_wav,cv_corpus_v1,cv-valid-train,sample-095005.wav
sample-095088 ~,Mozilla_wav,cv_corpus_v1,cv-valid-train,sample-095088.wav
sample-095246 ~,Mozilla_wav,cv_corpus_v1,cv-valid-train,sample-095246.wav
sample-095566 ~,Mozilla_wav,cv_corpus_v1,cv-valid-train,sample-095566.wav
sample-095790 ~,Mozilla_wav,cv_corpus_v1,cv-valid-train,sample-095790.wav
sample-095890 ~,Mozilla_wav,cv_corpus_v1,cv-valid-train,sample-095890.wav
sample-095978 ~,Mozilla_wav,cv_corpus_v1,cv-valid-train,sample-095978.wav
sample-096108 ~,Mozilla_wav,cv_corpus_v1,cv-valid-train,sample-096108.wav
sample-096275 ~,Mozilla_wav,cv_corpus_v1,cv-valid-train,sample-096275.wav
sample-096782 ~,Mozilla_wav,cv_corpus_v1,cv-valid-train,sample-096782.wav
sample-097035 ~,Mozilla_wav,cv_corpus_v1,cv-valid-train,sample-097035.wav
sample-097218 ~,Mozilla_wav,cv_corpus_v1,cv-valid-train,sample-097218.wav
sample-097321 ~,Mozilla_wav,cv_corpus_v1,cv-valid-train,sample-097321.wav
sample-097472 ~,Mozilla_wav,cv_corpus_v1,cv-valid-train,sample-097472.wav
sample-097511 ~,Mozilla_wav,cv_corpus_v1,cv-valid-train,sample-097511.wav
sample-097551 ~,Mozilla_wav,cv_corpus_v1,cv-valid-train,sample-097551.wav
sample-097789 ~,Mozilla_wav,cv_corpus_v1,cv-valid-train,sample-097789.wav
sample-097919 ~,Mozilla_wav,cv_corpus_v1,cv-valid-train,sample-097919.wav
sample-098019 ~,Mozilla_wav,cv_corpus_v1,cv-valid-train,sample-098019.wav
sample-098182 ~,Mozilla_wav,cv_corpus_v1,cv-valid-train,sample-098182.wav
sample-098468 ~,Mozilla_wav,cv_corpus_v1,cv-valid-train,sample-098468.wav
sample-098632 ~,Mozilla_wav,cv_corpus_v1,cv-valid-train,sample-098632.wav
sample-098711 ~,Mozilla_wav,cv_corpus_v1,cv-valid-train,sample-098711.wav
sample-098823 ~,Mozilla_wav,cv_corpus_v1,cv-valid-train,sample-098823.wav
sample-098934 ~,Mozilla_wav,cv_corpus_v1,cv-valid-train,sample-098934.wav
sample-099115 ~,Mozilla_wav,cv_corpus_v1,cv-valid-train,sample-099115.wav
sample-099447 ~,Mozilla_wav,cv_corpus_v1,cv-valid-train,sample-099447.wav
sample-099656 ~,Mozilla_wav,cv_corpus_v1,cv-valid-train,sample-099656.wav
sample-099839 ~,Mozilla_wav,cv_corpus_v1,cv-valid-train,sample-099839.wav
sample-100128 ~,Mozilla_wav,cv_corpus_v1,cv-valid-train,sample-100128.wav
sample-100180 ~,Mozilla_wav,cv_corpus_v1,cv-valid-train,sample-100180.wav
sample-100366 ~,Mozilla_wav,cv_corpus_v1,cv-valid-train,sample-100366.wav
sample-100804 ~,Mozilla_wav,cv_corpus_v1,cv-valid-train,sample-100804.wav
sample-100851 ~,Mozilla_wav,cv_corpus_v1,cv-valid-train,sample-100851.wav
sample-100913 ~,Mozilla_wav,cv_corpus_v1,cv-valid-train,sample-100913.wav
sample-101076 ~,Mozilla_wav,cv_corpus_v1,cv-valid-train,sample-101076.wav
sample-101134 ~,Mozilla_wav,cv_corpus_v1,cv-valid-train,sample-101134.wav
sample-101277 ~,Mozilla_wav,cv_corpus_v1,cv-valid-train,sample-101277.wav
sample-101327 ~,Mozilla_wav,cv_corpus_v1,cv-valid-train,sample-101327.wav
sample-101378 ~,Mozilla_wav,cv_corpus_v1,cv-valid-train,sample-101378.wav
sample-101725 ~,Mozilla_wav,cv_corpus_v1,cv-valid-train,sample-101725.wav
sample-101829 ~,Mozilla_wav,cv_corpus_v1,cv-valid-train,sample-101829.wav
sample-101968 ~,Mozilla_wav,cv_corpus_v1,cv-valid-train,sample-101968.wav
sample-102000 ~,Mozilla_wav,cv_corpus_v1,cv-valid-train,sample-102000.wav
sample-102064 ~,Mozilla_wav,cv_corpus_v1,cv-valid-train,sample-102064.wav
sample-102162 ~,Mozilla_wav,cv_corpus_v1,cv-valid-train,sample-102162.wav
sample-102351 ~,Mozilla_wav,cv_corpus_v1,cv-valid-train,sample-102351.wav
sample-102584 ~,Mozilla_wav,cv_corpus_v1,cv-valid-train,sample-102584.wav
sample-102834 ~,Mozilla_wav,cv_corpus_v1,cv-valid-train,sample-102834.wav
sample-102982 ~,Mozilla_wav,cv_corpus_v1,cv-valid-train,sample-102982.wav
sample-103106 ~,Mozilla_wav,cv_corpus_v1,cv-valid-train,sample-103106.wav
sample-103176 ~,Mozilla_wav,cv_corpus_v1,cv-valid-train,sample-103176.wav
sample-103241 ~,Mozilla_wav,cv_corpus_v1,cv-valid-train,sample-103241.wav
sample-103314 ~,Mozilla_wav,cv_corpus_v1,cv-valid-train,sample-103314.wav
sample-103417 ~,Mozilla_wav,cv_corpus_v1,cv-valid-train,sample-103417.wav
sample-103585 ~,Mozilla_wav,cv_corpus_v1,cv-valid-train,sample-103585.wav
sample-103860 ~,Mozilla_wav,cv_corpus_v1,cv-valid-train,sample-103860.wav
sample-103893 ~,Mozilla_wav,cv_corpus_v1,cv-valid-train,sample-103893.wav
sample-103924 ~,Mozilla_wav,cv_corpus_v1,cv-valid-train,sample-103924.wav
sample-104125 ~,Mozilla_wav,cv_corpus_v1,cv-valid-train,sample-104125.wav
sample-104251 ~,Mozilla_wav,cv_corpus_v1,cv-valid-train,sample-104251.wav
sample-104412 ~,Mozilla_wav,cv_corpus_v1,cv-valid-train,sample-104412.wav
sample-104584 ~,Mozilla_wav,cv_corpus_v1,cv-valid-train,sample-104584.wav
sample-104799 ~,Mozilla_wav,cv_corpus_v1,cv-valid-train,sample-104799.wav
sample-105049 ~,Mozilla_wav,cv_corpus_v1,cv-valid-train,sample-105049.wav
sample-105358 ~,Mozilla_wav,cv_corpus_v1,cv-valid-train,sample-105358.wav
sample-105491 ~,Mozilla_wav,cv_corpus_v1,cv-valid-train,sample-105491.wav
sample-105756 ~,Mozilla_wav,cv_corpus_v1,cv-valid-train,sample-105756.wav
sample-105886 ~,Mozilla_wav,cv_corpus_v1,cv-valid-train,sample-105886.wav
sample-106084 ~,Mozilla_wav,cv_corpus_v1,cv-valid-train,sample-106084.wav
sample-106178 ~,Mozilla_wav,cv_corpus_v1,cv-valid-train,sample-106178.wav
sample-106296 ~,Mozilla_wav,cv_corpus_v1,cv-valid-train,sample-106296.wav
sample-106637 ~,Mozilla_wav,cv_corpus_v1,cv-valid-train,sample-106637.wav
sample-106748 ~,Mozilla_wav,cv_corpus_v1,cv-valid-train,sample-106748.wav
sample-107003 ~,Mozilla_wav,cv_corpus_v1,cv-valid-train,sample-107003.wav
sample-107082 ~,Mozilla_wav,cv_corpus_v1,cv-valid-train,sample-107082.wav
sample-107092 ~,Mozilla_wav,cv_corpus_v1,cv-valid-train,sample-107092.wav
sample-107145 ~,Mozilla_wav,cv_corpus_v1,cv-valid-train,sample-107145.wav
sample-107319 ~,Mozilla_wav,cv_corpus_v1,cv-valid-train,sample-107319.wav
sample-107573 ~,Mozilla_wav,cv_corpus_v1,cv-valid-train,sample-107573.wav
sample-107678 ~,Mozilla_wav,cv_corpus_v1,cv-valid-train,sample-107678.wav
sample-107834 ~,Mozilla_wav,cv_corpus_v1,cv-valid-train,sample-107834.wav
sample-108128 ~,Mozilla_wav,cv_corpus_v1,cv-valid-train,sample-108128.wav
sample-108317 ~,Mozilla_wav,cv_corpus_v1,cv-valid-train,sample-108317.wav
sample-108537 ~,Mozilla_wav,cv_corpus_v1,cv-valid-train,sample-108537.wav
sample-108864 ~,Mozilla_wav,cv_corpus_v1,cv-valid-train,sample-108864.wav
sample-109156 ~,Mozilla_wav,cv_corpus_v1,cv-valid-train,sample-109156.wav
sample-109434 ~,Mozilla_wav,cv_corpus_v1,cv-valid-train,sample-109434.wav
sample-109631 ~,Mozilla_wav,cv_corpus_v1,cv-valid-train,sample-109631.wav
sample-109820 ~,Mozilla_wav,cv_corpus_v1,cv-valid-train,sample-109820.wav
sample-110011 ~,Mozilla_wav,cv_corpus_v1,cv-valid-train,sample-110011.wav
sample-110117 ~,Mozilla_wav,cv_corpus_v1,cv-valid-train,sample-110117.wav
sample-110170 ~,Mozilla_wav,cv_corpus_v1,cv-valid-train,sample-110170.wav
sample-110261 ~,Mozilla_wav,cv_corpus_v1,cv-valid-train,sample-110261.wav
sample-110424 ~,Mozilla_wav,cv_corpus_v1,cv-valid-train,sample-110424.wav
sample-110670 ~,Mozilla_wav,cv_corpus_v1,cv-valid-train,sample-110670.wav
sample-110839 ~,Mozilla_wav,cv_corpus_v1,cv-valid-train,sample-110839.wav
sample-111126 ~,Mozilla_wav,cv_corpus_v1,cv-valid-train,sample-111126.wav
sample-111247 ~,Mozilla_wav,cv_corpus_v1,cv-valid-train,sample-111247.wav
sample-111437 ~,Mozilla_wav,cv_corpus_v1,cv-valid-train,sample-111437.wav
sample-111597 ~,Mozilla_wav,cv_corpus_v1,cv-valid-train,sample-111597.wav
sample-111682 ~,Mozilla_wav,cv_corpus_v1,cv-valid-train,sample-111682.wav
sample-111885 ~,Mozilla_wav,cv_corpus_v1,cv-valid-train,sample-111885.wav
sample-112099 ~,Mozilla_wav,cv_corpus_v1,cv-valid-train,sample-112099.wav
sample-112414 ~,Mozilla_wav,cv_corpus_v1,cv-valid-train,sample-112414.wav
sample-112629 ~,Mozilla_wav,cv_corpus_v1,cv-valid-train,sample-112629.wav
sample-112885 ~,Mozilla_wav,cv_corpus_v1,cv-valid-train,sample-112885.wav
sample-113017 ~,Mozilla_wav,cv_corpus_v1,cv-valid-train,sample-113017.wav
sample-113057 ~,Mozilla_wav,cv_corpus_v1,cv-valid-train,sample-113057.wav
sample-113245 ~,Mozilla_wav,cv_corpus_v1,cv-valid-train,sample-113245.wav
sample-113550 ~,Mozilla_wav,cv_corpus_v1,cv-valid-train,sample-113550.wav
sample-113666 ~,Mozilla_wav,cv_corpus_v1,cv-valid-train,sample-113666.wav
sample-113874 ~,Mozilla_wav,cv_corpus_v1,cv-valid-train,sample-113874.wav
sample-114056 ~,Mozilla_wav,cv_corpus_v1,cv-valid-train,sample-114056.wav
sample-114185 ~,Mozilla_wav,cv_corpus_v1,cv-valid-train,sample-114185.wav
sample-114481 ~,Mozilla_wav,cv_corpus_v1,cv-valid-train,sample-114481.wav
sample-114548 ~,Mozilla_wav,cv_corpus_v1,cv-valid-train,sample-114548.wav
sample-114726 ~,Mozilla_wav,cv_corpus_v1,cv-valid-train,sample-114726.wav
sample-114820 ~,Mozilla_wav,cv_corpus_v1,cv-valid-train,sample-114820.wav
sample-114894 ~,Mozilla_wav,cv_corpus_v1,cv-valid-train,sample-114894.wav
sample-115035 ~,Mozilla_wav,cv_corpus_v1,cv-valid-train,sample-115035.wav
sample-115135 ~,Mozilla_wav,cv_corpus_v1,cv-valid-train,sample-115135.wav
sample-115297 ~,Mozilla_wav,cv_corpus_v1,cv-valid-train,sample-115297.wav
sample-115643 ~,Mozilla_wav,cv_corpus_v1,cv-valid-train,sample-115643.wav
sample-115862 ~,Mozilla_wav,cv_corpus_v1,cv-valid-train,sample-115862.wav
sample-116035 ~,Mozilla_wav,cv_corpus_v1,cv-valid-train,sample-116035.wav
sample-116183 ~,Mozilla_wav,cv_corpus_v1,cv-valid-train,sample-116183.wav
sample-116301 ~,Mozilla_wav,cv_corpus_v1,cv-valid-train,sample-116301.wav
sample-116392 ~,Mozilla_wav,cv_corpus_v1,cv-valid-train,sample-116392.wav
sample-116484 ~,Mozilla_wav,cv_corpus_v1,cv-valid-train,sample-116484.wav
sample-116661 ~,Mozilla_wav,cv_corpus_v1,cv-valid-train,sample-116661.wav
sample-116994 ~,Mozilla_wav,cv_corpus_v1,cv-valid-train,sample-116994.wav
sample-117078 ~,Mozilla_wav,cv_corpus_v1,cv-valid-train,sample-117078.wav
sample-117240 ~,Mozilla_wav,cv_corpus_v1,cv-valid-train,sample-117240.wav
sample-117512 ~,Mozilla_wav,cv_corpus_v1,cv-valid-train,sample-117512.wav
sample-117768 ~,Mozilla_wav,cv_corpus_v1,cv-valid-train,sample-117768.wav
sample-117894 ~,Mozilla_wav,cv_corpus_v1,cv-valid-train,sample-117894.wav
sample-117951 ~,Mozilla_wav,cv_corpus_v1,cv-valid-train,sample-117951.wav
sample-118098 ~,Mozilla_wav,cv_corpus_v1,cv-valid-train,sample-118098.wav
sample-118293 ~,Mozilla_wav,cv_corpus_v1,cv-valid-train,sample-118293.wav
sample-118431 ~,Mozilla_wav,cv_corpus_v1,cv-valid-train,sample-118431.wav
sample-118491 ~,Mozilla_wav,cv_corpus_v1,cv-valid-train,sample-118491.wav
sample-118630 ~,Mozilla_wav,cv_corpus_v1,cv-valid-train,sample-118630.wav
sample-118798 ~,Mozilla_wav,cv_corpus_v1,cv-valid-train,sample-118798.wav
sample-118952 ~,Mozilla_wav,cv_corpus_v1,cv-valid-train,sample-118952.wav
sample-119154 ~,Mozilla_wav,cv_corpus_v1,cv-valid-train,sample-119154.wav
sample-119290 ~,Mozilla_wav,cv_corpus_v1,cv-valid-train,sample-119290.wav
sample-119363 ~,Mozilla_wav,cv_corpus_v1,cv-valid-train,sample-119363.wav
sample-119533 ~,Mozilla_wav,cv_corpus_v1,cv-valid-train,sample-119533.wav
sample-119732 ~,Mozilla_wav,cv_corpus_v1,cv-valid-train,sample-119732.wav
sample-119876 ~,Mozilla_wav,cv_corpus_v1,cv-valid-train,sample-119876.wav
sample-119902 ~,Mozilla_wav,cv_corpus_v1,cv-valid-train,sample-119902.wav
sample-119959 ~,Mozilla_wav,cv_corpus_v1,cv-valid-train,sample-119959.wav
sample-120136 ~,Mozilla_wav,cv_corpus_v1,cv-valid-train,sample-120136.wav
sample-120351 ~,Mozilla_wav,cv_corpus_v1,cv-valid-train,sample-120351.wav
sample-120524 ~,Mozilla_wav,cv_corpus_v1,cv-valid-train,sample-120524.wav
sample-120748 ~,Mozilla_wav,cv_corpus_v1,cv-valid-train,sample-120748.wav
sample-120927 ~,Mozilla_wav,cv_corpus_v1,cv-valid-train,sample-120927.wav
sample-121090 ~,Mozilla_wav,cv_corpus_v1,cv-valid-train,sample-121090.wav
sample-121331 ~,Mozilla_wav,cv_corpus_v1,cv-valid-train,sample-121331.wav
sample-121428 ~,Mozilla_wav,cv_corpus_v1,cv-valid-train,sample-121428.wav
sample-121657 ~,Mozilla_wav,cv_corpus_v1,cv-valid-train,sample-121657.wav
sample-121744 ~,Mozilla_wav,cv_corpus_v1,cv-valid-train,sample-121744.wav
sample-121851 ~,Mozilla_wav,cv_corpus_v1,cv-valid-train,sample-121851.wav
sample-122005 ~,Mozilla_wav,cv_corpus_v1,cv-valid-train,sample-122005.wav
sample-122128 ~,Mozilla_wav,cv_corpus_v1,cv-valid-train,sample-122128.wav
sample-122222 ~,Mozilla_wav,cv_corpus_v1,cv-valid-train,sample-122222.wav
sample-122673 ~,Mozilla_wav,cv_corpus_v1,cv-valid-train,sample-122673.wav
sample-122872 ~,Mozilla_wav,cv_corpus_v1,cv-valid-train,sample-122872.wav
sample-123039 ~,Mozilla_wav,cv_corpus_v1,cv-valid-train,sample-123039.wav
sample-123263 ~,Mozilla_wav,cv_corpus_v1,cv-valid-train,sample-123263.wav
sample-123448 ~,Mozilla_wav,cv_corpus_v1,cv-valid-train,sample-123448.wav
sample-123669 ~,Mozilla_wav,cv_corpus_v1,cv-valid-train,sample-123669.wav
sample-123756 ~,Mozilla_wav,cv_corpus_v1,cv-valid-train,sample-123756.wav
sample-123912 ~,Mozilla_wav,cv_corpus_v1,cv-valid-train,sample-123912.wav
sample-123978 ~,Mozilla_wav,cv_corpus_v1,cv-valid-train,sample-123978.wav
sample-124268 ~,Mozilla_wav,cv_corpus_v1,cv-valid-train,sample-124268.wav
sample-124313 ~,Mozilla_wav,cv_corpus_v1,cv-valid-train,sample-124313.wav
sample-124608 ~,Mozilla_wav,cv_corpus_v1,cv-valid-train,sample-124608.wav
sample-124904 ~,Mozilla_wav,cv_corpus_v1,cv-valid-train,sample-124904.wav
sample-125041 ~,Mozilla_wav,cv_corpus_v1,cv-valid-train,sample-125041.wav
sample-125187 ~,Mozilla_wav,cv_corpus_v1,cv-valid-train,sample-125187.wav
sample-125459 ~,Mozilla_wav,cv_corpus_v1,cv-valid-train,sample-125459.wav
sample-125575 ~,Mozilla_wav,cv_corpus_v1,cv-valid-train,sample-125575.wav
sample-125644 ~,Mozilla_wav,cv_corpus_v1,cv-valid-train,sample-125644.wav
sample-125783 ~,Mozilla_wav,cv_corpus_v1,cv-valid-train,sample-125783.wav
sample-125845 ~,Mozilla_wav,cv_corpus_v1,cv-valid-train,sample-125845.wav
sample-125966 ~,Mozilla_wav,cv_corpus_v1,cv-valid-train,sample-125966.wav
sample-126077 ~,Mozilla_wav,cv_corpus_v1,cv-valid-train,sample-126077.wav
sample-126174 ~,Mozilla_wav,cv_corpus_v1,cv-valid-train,sample-126174.wav
sample-126272 ~,Mozilla_wav,cv_corpus_v1,cv-valid-train,sample-126272.wav
sample-126618 ~,Mozilla_wav,cv_corpus_v1,cv-valid-train,sample-126618.wav
sample-126871 ~,Mozilla_wav,cv_corpus_v1,cv-valid-train,sample-126871.wav
sample-126937 ~,Mozilla_wav,cv_corpus_v1,cv-valid-train,sample-126937.wav
sample-127108 ~,Mozilla_wav,cv_corpus_v1,cv-valid-train,sample-127108.wav
sample-127187 ~,Mozilla_wav,cv_corpus_v1,cv-valid-train,sample-127187.wav
sample-127337 ~,Mozilla_wav,cv_corpus_v1,cv-valid-train,sample-127337.wav
sample-127464 ~,Mozilla_wav,cv_corpus_v1,cv-valid-train,sample-127464.wav
sample-127753 ~,Mozilla_wav,cv_corpus_v1,cv-valid-train,sample-127753.wav
sample-127815 ~,Mozilla_wav,cv_corpus_v1,cv-valid-train,sample-127815.wav
sample-128031 ~,Mozilla_wav,cv_corpus_v1,cv-valid-train,sample-128031.wav
sample-128315 ~,Mozilla_wav,cv_corpus_v1,cv-valid-train,sample-128315.wav
sample-128375 ~,Mozilla_wav,cv_corpus_v1,cv-valid-train,sample-128375.wav
sample-128463 ~,Mozilla_wav,cv_corpus_v1,cv-valid-train,sample-128463.wav
sample-128745 ~,Mozilla_wav,cv_corpus_v1,cv-valid-train,sample-128745.wav
sample-128849 ~,Mozilla_wav,cv_corpus_v1,cv-valid-train,sample-128849.wav
sample-128970 ~,Mozilla_wav,cv_corpus_v1,cv-valid-train,sample-128970.wav
sample-129019 ~,Mozilla_wav,cv_corpus_v1,cv-valid-train,sample-129019.wav
sample-129204 ~,Mozilla_wav,cv_corpus_v1,cv-valid-train,sample-129204.wav
sample-129406 ~,Mozilla_wav,cv_corpus_v1,cv-valid-train,sample-129406.wav
sample-129540 ~,Mozilla_wav,cv_corpus_v1,cv-valid-train,sample-129540.wav
sample-129663 ~,Mozilla_wav,cv_corpus_v1,cv-valid-train,sample-129663.wav
sample-129682 ~,Mozilla_wav,cv_corpus_v1,cv-valid-train,sample-129682.wav
sample-129810 ~,Mozilla_wav,cv_corpus_v1,cv-valid-train,sample-129810.wav
sample-130076 ~,Mozilla_wav,cv_corpus_v1,cv-valid-train,sample-130076.wav
sample-130385 ~,Mozilla_wav,cv_corpus_v1,cv-valid-train,sample-130385.wav
sample-130496 ~,Mozilla_wav,cv_corpus_v1,cv-valid-train,sample-130496.wav
sample-130873 ~,Mozilla_wav,cv_corpus_v1,cv-valid-train,sample-130873.wav
sample-130913 ~,Mozilla_wav,cv_corpus_v1,cv-valid-train,sample-130913.wav
sample-131211 ~,Mozilla_wav,cv_corpus_v1,cv-valid-train,sample-131211.wav
sample-131371 ~,Mozilla_wav,cv_corpus_v1,cv-valid-train,sample-131371.wav
sample-131411 ~,Mozilla_wav,cv_corpus_v1,cv-valid-train,sample-131411.wav
sample-131708 ~,Mozilla_wav,cv_corpus_v1,cv-valid-train,sample-131708.wav
sample-131895 ~,Mozilla_wav,cv_corpus_v1,cv-valid-train,sample-131895.wav
sample-132140 ~,Mozilla_wav,cv_corpus_v1,cv-valid-train,sample-132140.wav
sample-132231 ~,Mozilla_wav,cv_corpus_v1,cv-valid-train,sample-132231.wav
sample-132397 ~,Mozilla_wav,cv_corpus_v1,cv-valid-train,sample-132397.wav
sample-132470 ~,Mozilla_wav,cv_corpus_v1,cv-valid-train,sample-132470.wav
sample-132609 ~,Mozilla_wav,cv_corpus_v1,cv-valid-train,sample-132609.wav
sample-132715 ~,Mozilla_wav,cv_corpus_v1,cv-valid-train,sample-132715.wav
sample-132834 ~,Mozilla_wav,cv_corpus_v1,cv-valid-train,sample-132834.wav
sample-132944 ~,Mozilla_wav,cv_corpus_v1,cv-valid-train,sample-132944.wav
sample-133082 ~,Mozilla_wav,cv_corpus_v1,cv-valid-train,sample-133082.wav
sample-133303 ~,Mozilla_wav,cv_corpus_v1,cv-valid-train,sample-133303.wav
sample-133422 ~,Mozilla_wav,cv_corpus_v1,cv-valid-train,sample-133422.wav
sample-133596 ~,Mozilla_wav,cv_corpus_v1,cv-valid-train,sample-133596.wav
sample-133762 ~,Mozilla_wav,cv_corpus_v1,cv-valid-train,sample-133762.wav
sample-133966 ~,Mozilla_wav,cv_corpus_v1,cv-valid-train,sample-133966.wav
sample-134074 ~,Mozilla_wav,cv_corpus_v1,cv-valid-train,sample-134074.wav
sample-134177 ~,Mozilla_wav,cv_corpus_v1,cv-valid-train,sample-134177.wav
sample-134186 ~,Mozilla_wav,cv_corpus_v1,cv-valid-train,sample-134186.wav
sample-134265 ~,Mozilla_wav,cv_corpus_v1,cv-valid-train,sample-134265.wav
sample-134504 ~,Mozilla_wav,cv_corpus_v1,cv-valid-train,sample-134504.wav
sample-134653 ~,Mozilla_wav,cv_corpus_v1,cv-valid-train,sample-134653.wav
sample-134703 ~,Mozilla_wav,cv_corpus_v1,cv-valid-train,sample-134703.wav
sample-134847 ~,Mozilla_wav,cv_corpus_v1,cv-valid-train,sample-134847.wav
sample-134944 ~,Mozilla_wav,cv_corpus_v1,cv-valid-train,sample-134944.wav
sample-135232 ~,Mozilla_wav,cv_corpus_v1,cv-valid-train,sample-135232.wav
sample-135355 ~,Mozilla_wav,cv_corpus_v1,cv-valid-train,sample-135355.wav
sample-135383 ~,Mozilla_wav,cv_corpus_v1,cv-valid-train,sample-135383.wav
sample-135494 ~,Mozilla_wav,cv_corpus_v1,cv-valid-train,sample-135494.wav
sample-135573 ~,Mozilla_wav,cv_corpus_v1,cv-valid-train,sample-135573.wav
sample-135915 ~,Mozilla_wav,cv_corpus_v1,cv-valid-train,sample-135915.wav
sample-136145 ~,Mozilla_wav,cv_corpus_v1,cv-valid-train,sample-136145.wav
sample-136185 ~,Mozilla_wav,cv_corpus_v1,cv-valid-train,sample-136185.wav
sample-136287 ~,Mozilla_wav,cv_corpus_v1,cv-valid-train,sample-136287.wav
sample-136482 ~,Mozilla_wav,cv_corpus_v1,cv-valid-train,sample-136482.wav
sample-136919 ~,Mozilla_wav,cv_corpus_v1,cv-valid-train,sample-136919.wav
sample-137010 ~,Mozilla_wav,cv_corpus_v1,cv-valid-train,sample-137010.wav
sample-137174 ~,Mozilla_wav,cv_corpus_v1,cv-valid-train,sample-137174.wav
sample-137268 ~,Mozilla_wav,cv_corpus_v1,cv-valid-train,sample-137268.wav
sample-137712 ~,Mozilla_wav,cv_corpus_v1,cv-valid-train,sample-137712.wav
sample-137946 ~,Mozilla_wav,cv_corpus_v1,cv-valid-train,sample-137946.wav
sample-138008 ~,Mozilla_wav,cv_corpus_v1,cv-valid-train,sample-138008.wav
sample-138167 ~,Mozilla_wav,cv_corpus_v1,cv-valid-train,sample-138167.wav
sample-138297 ~,Mozilla_wav,cv_corpus_v1,cv-valid-train,sample-138297.wav
sample-138488 ~,Mozilla_wav,cv_corpus_v1,cv-valid-train,sample-138488.wav
sample-138616 ~,Mozilla_wav,cv_corpus_v1,cv-valid-train,sample-138616.wav
sample-138713 ~,Mozilla_wav,cv_corpus_v1,cv-valid-train,sample-138713.wav
sample-138844 ~,Mozilla_wav,cv_corpus_v1,cv-valid-train,sample-138844.wav
sample-138922 ~,Mozilla_wav,cv_corpus_v1,cv-valid-train,sample-138922.wav
sample-139094 ~,Mozilla_wav,cv_corpus_v1,cv-valid-train,sample-139094.wav
sample-139161 ~,Mozilla_wav,cv_corpus_v1,cv-valid-train,sample-139161.wav
sample-139446 ~,Mozilla_wav,cv_corpus_v1,cv-valid-train,sample-139446.wav
sample-139563 ~,Mozilla_wav,cv_corpus_v1,cv-valid-train,sample-139563.wav
sample-139744 ~,Mozilla_wav,cv_corpus_v1,cv-valid-train,sample-139744.wav
sample-139816 ~,Mozilla_wav,cv_corpus_v1,cv-valid-train,sample-139816.wav
sample-139832 ~,Mozilla_wav,cv_corpus_v1,cv-valid-train,sample-139832.wav
sample-139965 ~,Mozilla_wav,cv_corpus_v1,cv-valid-train,sample-139965.wav
sample-140133 ~,Mozilla_wav,cv_corpus_v1,cv-valid-train,sample-140133.wav
sample-140340 ~,Mozilla_wav,cv_corpus_v1,cv-valid-train,sample-140340.wav
sample-140399 ~,Mozilla_wav,cv_corpus_v1,cv-valid-train,sample-140399.wav
sample-140419 ~,Mozilla_wav,cv_corpus_v1,cv-valid-train,sample-140419.wav
sample-140610 ~,Mozilla_wav,cv_corpus_v1,cv-valid-train,sample-140610.wav
sample-140770 ~,Mozilla_wav,cv_corpus_v1,cv-valid-train,sample-140770.wav
sample-140913 ~,Mozilla_wav,cv_corpus_v1,cv-valid-train,sample-140913.wav
sample-140941 ~,Mozilla_wav,cv_corpus_v1,cv-valid-train,sample-140941.wav
sample-141030 ~,Mozilla_wav,cv_corpus_v1,cv-valid-train,sample-141030.wav
sample-141159 ~,Mozilla_wav,cv_corpus_v1,cv-valid-train,sample-141159.wav
sample-141305 ~,Mozilla_wav,cv_corpus_v1,cv-valid-train,sample-141305.wav
sample-141464 ~,Mozilla_wav,cv_corpus_v1,cv-valid-train,sample-141464.wav
sample-141727 ~,Mozilla_wav,cv_corpus_v1,cv-valid-train,sample-141727.wav
sample-141854 ~,Mozilla_wav,cv_corpus_v1,cv-valid-train,sample-141854.wav
sample-142005 ~,Mozilla_wav,cv_corpus_v1,cv-valid-train,sample-142005.wav
sample-142303 ~,Mozilla_wav,cv_corpus_v1,cv-valid-train,sample-142303.wav
sample-142588 ~,Mozilla_wav,cv_corpus_v1,cv-valid-train,sample-142588.wav
sample-142678 ~,Mozilla_wav,cv_corpus_v1,cv-valid-train,sample-142678.wav
sample-142789 ~,Mozilla_wav,cv_corpus_v1,cv-valid-train,sample-142789.wav
sample-143051 ~,Mozilla_wav,cv_corpus_v1,cv-valid-train,sample-143051.wav
sample-143170 ~,Mozilla_wav,cv_corpus_v1,cv-valid-train,sample-143170.wav
sample-143349 ~,Mozilla_wav,cv_corpus_v1,cv-valid-train,sample-143349.wav
sample-143492 ~,Mozilla_wav,cv_corpus_v1,cv-valid-train,sample-143492.wav
sample-143569 ~,Mozilla_wav,cv_corpus_v1,cv-valid-train,sample-143569.wav
sample-143987 ~,Mozilla_wav,cv_corpus_v1,cv-valid-train,sample-143987.wav
sample-144156 ~,Mozilla_wav,cv_corpus_v1,cv-valid-train,sample-144156.wav
sample-144271 ~,Mozilla_wav,cv_corpus_v1,cv-valid-train,sample-144271.wav
sample-144368 ~,Mozilla_wav,cv_corpus_v1,cv-valid-train,sample-144368.wav
sample-144421 ~,Mozilla_wav,cv_corpus_v1,cv-valid-train,sample-144421.wav
sample-144572 ~,Mozilla_wav,cv_corpus_v1,cv-valid-train,sample-144572.wav
sample-144600 ~,Mozilla_wav,cv_corpus_v1,cv-valid-train,sample-144600.wav
sample-144968 ~,Mozilla_wav,cv_corpus_v1,cv-valid-train,sample-144968.wav
sample-145119 ~,Mozilla_wav,cv_corpus_v1,cv-valid-train,sample-145119.wav
sample-145235 ~,Mozilla_wav,cv_corpus_v1,cv-valid-train,sample-145235.wav
sample-145370 ~,Mozilla_wav,cv_corpus_v1,cv-valid-train,sample-145370.wav
sample-145542 ~,Mozilla_wav,cv_corpus_v1,cv-valid-train,sample-145542.wav
sample-145568 ~,Mozilla_wav,cv_corpus_v1,cv-valid-train,sample-145568.wav
sample-145821 ~,Mozilla_wav,cv_corpus_v1,cv-valid-train,sample-145821.wav
sample-145943 ~,Mozilla_wav,cv_corpus_v1,cv-valid-train,sample-145943.wav
sample-146192 ~,Mozilla_wav,cv_corpus_v1,cv-valid-train,sample-146192.wav
sample-146350 ~,Mozilla_wav,cv_corpus_v1,cv-valid-train,sample-146350.wav
sample-146488 ~,Mozilla_wav,cv_corpus_v1,cv-valid-train,sample-146488.wav
sample-146559 ~,Mozilla_wav,cv_corpus_v1,cv-valid-train,sample-146559.wav
sample-146746 ~,Mozilla_wav,cv_corpus_v1,cv-valid-train,sample-146746.wav
sample-146801 ~,Mozilla_wav,cv_corpus_v1,cv-valid-train,sample-146801.wav
sample-146817 ~,Mozilla_wav,cv_corpus_v1,cv-valid-train,sample-146817.wav
sample-147048 ~,Mozilla_wav,cv_corpus_v1,cv-valid-train,sample-147048.wav
sample-147384 ~,Mozilla_wav,cv_corpus_v1,cv-valid-train,sample-147384.wav
sample-147460 ~,Mozilla_wav,cv_corpus_v1,cv-valid-train,sample-147460.wav
sample-147654 ~,Mozilla_wav,cv_corpus_v1,cv-valid-train,sample-147654.wav
sample-147944 ~,Mozilla_wav,cv_corpus_v1,cv-valid-train,sample-147944.wav
sample-148198 ~,Mozilla_wav,cv_corpus_v1,cv-valid-train,sample-148198.wav
sample-148425 ~,Mozilla_wav,cv_corpus_v1,cv-valid-train,sample-148425.wav
sample-148626 ~,Mozilla_wav,cv_corpus_v1,cv-valid-train,sample-148626.wav
sample-148639 ~,Mozilla_wav,cv_corpus_v1,cv-valid-train,sample-148639.wav
sample-148764 ~,Mozilla_wav,cv_corpus_v1,cv-valid-train,sample-148764.wav
sample-148972 ~,Mozilla_wav,cv_corpus_v1,cv-valid-train,sample-148972.wav
sample-149428 ~,Mozilla_wav,cv_corpus_v1,cv-valid-train,sample-149428.wav
sample-149531 ~,Mozilla_wav,cv_corpus_v1,cv-valid-train,sample-149531.wav
sample-149594 ~,Mozilla_wav,cv_corpus_v1,cv-valid-train,sample-149594.wav
sample-149819 ~,Mozilla_wav,cv_corpus_v1,cv-valid-train,sample-149819.wav
sample-150103 ~,Mozilla_wav,cv_corpus_v1,cv-valid-train,sample-150103.wav
sample-150494 ~,Mozilla_wav,cv_corpus_v1,cv-valid-train,sample-150494.wav
sample-150711 ~,Mozilla_wav,cv_corpus_v1,cv-valid-train,sample-150711.wav
sample-150924 ~,Mozilla_wav,cv_corpus_v1,cv-valid-train,sample-150924.wav
sample-151056 ~,Mozilla_wav,cv_corpus_v1,cv-valid-train,sample-151056.wav
sample-151149 ~,Mozilla_wav,cv_corpus_v1,cv-valid-train,sample-151149.wav
sample-151231 ~,Mozilla_wav,cv_corpus_v1,cv-valid-train,sample-151231.wav
sample-151416 ~,Mozilla_wav,cv_corpus_v1,cv-valid-train,sample-151416.wav
sample-151693 ~,Mozilla_wav,cv_corpus_v1,cv-valid-train,sample-151693.wav
sample-151809 ~,Mozilla_wav,cv_corpus_v1,cv-valid-train,sample-151809.wav
sample-152204 ~,Mozilla_wav,cv_corpus_v1,cv-valid-train,sample-152204.wav
sample-152367 ~,Mozilla_wav,cv_corpus_v1,cv-valid-train,sample-152367.wav
sample-152465 ~,Mozilla_wav,cv_corpus_v1,cv-valid-train,sample-152465.wav
sample-152644 ~,Mozilla_wav,cv_corpus_v1,cv-valid-train,sample-152644.wav
sample-152720 ~,Mozilla_wav,cv_corpus_v1,cv-valid-train,sample-152720.wav
sample-152899 ~,Mozilla_wav,cv_corpus_v1,cv-valid-train,sample-152899.wav
sample-152973 ~,Mozilla_wav,cv_corpus_v1,cv-valid-train,sample-152973.wav
sample-153064 ~,Mozilla_wav,cv_corpus_v1,cv-valid-train,sample-153064.wav
sample-153329 ~,Mozilla_wav,cv_corpus_v1,cv-valid-train,sample-153329.wav
sample-153665 ~,Mozilla_wav,cv_corpus_v1,cv-valid-train,sample-153665.wav
sample-153940 ~,Mozilla_wav,cv_corpus_v1,cv-valid-train,sample-153940.wav
sample-154234 ~,Mozilla_wav,cv_corpus_v1,cv-valid-train,sample-154234.wav
sample-154283 ~,Mozilla_wav,cv_corpus_v1,cv-valid-train,sample-154283.wav
sample-154407 ~,Mozilla_wav,cv_corpus_v1,cv-valid-train,sample-154407.wav
sample-154490 ~,Mozilla_wav,cv_corpus_v1,cv-valid-train,sample-154490.wav
sample-154659 ~,Mozilla_wav,cv_corpus_v1,cv-valid-train,sample-154659.wav
sample-154916 ~,Mozilla_wav,cv_corpus_v1,cv-valid-train,sample-154916.wav
sample-155009 ~,Mozilla_wav,cv_corpus_v1,cv-valid-train,sample-155009.wav
sample-155293 ~,Mozilla_wav,cv_corpus_v1,cv-valid-train,sample-155293.wav
sample-155544 ~,Mozilla_wav,cv_corpus_v1,cv-valid-train,sample-155544.wav
sample-155771 ~,Mozilla_wav,cv_corpus_v1,cv-valid-train,sample-155771.wav
sample-155939 ~,Mozilla_wav,cv_corpus_v1,cv-valid-train,sample-155939.wav
sample-156218 ~,Mozilla_wav,cv_corpus_v1,cv-valid-train,sample-156218.wav
sample-156434 ~,Mozilla_wav,cv_corpus_v1,cv-valid-train,sample-156434.wav
sample-156493 ~,Mozilla_wav,cv_corpus_v1,cv-valid-train,sample-156493.wav
sample-156644 ~,Mozilla_wav,cv_corpus_v1,cv-valid-train,sample-156644.wav
sample-156672 ~,Mozilla_wav,cv_corpus_v1,cv-valid-train,sample-156672.wav
sample-157103 ~,Mozilla_wav,cv_corpus_v1,cv-valid-train,sample-157103.wav
sample-157217 ~,Mozilla_wav,cv_corpus_v1,cv-valid-train,sample-157217.wav
sample-157389 ~,Mozilla_wav,cv_corpus_v1,cv-valid-train,sample-157389.wav
sample-157521 ~,Mozilla_wav,cv_corpus_v1,cv-valid-train,sample-157521.wav
sample-157548 ~,Mozilla_wav,cv_corpus_v1,cv-valid-train,sample-157548.wav
sample-157629 ~,Mozilla_wav,cv_corpus_v1,cv-valid-train,sample-157629.wav
sample-157793 ~,Mozilla_wav,cv_corpus_v1,cv-valid-train,sample-157793.wav
sample-158059 ~,Mozilla_wav,cv_corpus_v1,cv-valid-train,sample-158059.wav
sample-158262 ~,Mozilla_wav,cv_corpus_v1,cv-valid-train,sample-158262.wav
sample-158509 ~,Mozilla_wav,cv_corpus_v1,cv-valid-train,sample-158509.wav
sample-158640 ~,Mozilla_wav,cv_corpus_v1,cv-valid-train,sample-158640.wav
sample-158771 ~,Mozilla_wav,cv_corpus_v1,cv-valid-train,sample-158771.wav
sample-158888 ~,Mozilla_wav,cv_corpus_v1,cv-valid-train,sample-158888.wav
sample-158962 ~,Mozilla_wav,cv_corpus_v1,cv-valid-train,sample-158962.wav
sample-159054 ~,Mozilla_wav,cv_corpus_v1,cv-valid-train,sample-159054.wav
sample-159309 ~,Mozilla_wav,cv_corpus_v1,cv-valid-train,sample-159309.wav
sample-159407 ~,Mozilla_wav,cv_corpus_v1,cv-valid-train,sample-159407.wav
sample-159774 ~,Mozilla_wav,cv_corpus_v1,cv-valid-train,sample-159774.wav
sample-159927 ~,Mozilla_wav,cv_corpus_v1,cv-valid-train,sample-159927.wav
sample-160141 ~,Mozilla_wav,cv_corpus_v1,cv-valid-train,sample-160141.wav
sample-160318 ~,Mozilla_wav,cv_corpus_v1,cv-valid-train,sample-160318.wav
sample-160647 ~,Mozilla_wav,cv_corpus_v1,cv-valid-train,sample-160647.wav
sample-160700 ~,Mozilla_wav,cv_corpus_v1,cv-valid-train,sample-160700.wav
sample-160778 ~,Mozilla_wav,cv_corpus_v1,cv-valid-train,sample-160778.wav
sample-160857 ~,Mozilla_wav,cv_corpus_v1,cv-valid-train,sample-160857.wav
sample-160925 ~,Mozilla_wav,cv_corpus_v1,cv-valid-train,sample-160925.wav
sample-161067 ~,Mozilla_wav,cv_corpus_v1,cv-valid-train,sample-161067.wav
sample-161265 ~,Mozilla_wav,cv_corpus_v1,cv-valid-train,sample-161265.wav
sample-161431 ~,Mozilla_wav,cv_corpus_v1,cv-valid-train,sample-161431.wav
sample-161640 ~,Mozilla_wav,cv_corpus_v1,cv-valid-train,sample-161640.wav
sample-161928 ~,Mozilla_wav,cv_corpus_v1,cv-valid-train,sample-161928.wav
sample-161945 ~,Mozilla_wav,cv_corpus_v1,cv-valid-train,sample-161945.wav
sample-162026 ~,Mozilla_wav,cv_corpus_v1,cv-valid-train,sample-162026.wav
sample-162209 ~,Mozilla_wav,cv_corpus_v1,cv-valid-train,sample-162209.wav
sample-162332 ~,Mozilla_wav,cv_corpus_v1,cv-valid-train,sample-162332.wav
sample-162592 ~,Mozilla_wav,cv_corpus_v1,cv-valid-train,sample-162592.wav
sample-162716 ~,Mozilla_wav,cv_corpus_v1,cv-valid-train,sample-162716.wav
sample-162784 ~,Mozilla_wav,cv_corpus_v1,cv-valid-train,sample-162784.wav
sample-162917 ~,Mozilla_wav,cv_corpus_v1,cv-valid-train,sample-162917.wav
sample-163084 ~,Mozilla_wav,cv_corpus_v1,cv-valid-train,sample-163084.wav
sample-163307 ~,Mozilla_wav,cv_corpus_v1,cv-valid-train,sample-163307.wav
sample-163357 ~,Mozilla_wav,cv_corpus_v1,cv-valid-train,sample-163357.wav
sample-163467 ~,Mozilla_wav,cv_corpus_v1,cv-valid-train,sample-163467.wav
sample-163713 ~,Mozilla_wav,cv_corpus_v1,cv-valid-train,sample-163713.wav
sample-163858 ~,Mozilla_wav,cv_corpus_v1,cv-valid-train,sample-163858.wav
sample-163910 ~,Mozilla_wav,cv_corpus_v1,cv-valid-train,sample-163910.wav
sample-164053 ~,Mozilla_wav,cv_corpus_v1,cv-valid-train,sample-164053.wav
sample-164418 ~,Mozilla_wav,cv_corpus_v1,cv-valid-train,sample-164418.wav
sample-164806 ~,Mozilla_wav,cv_corpus_v1,cv-valid-train,sample-164806.wav
sample-164958 ~,Mozilla_wav,cv_corpus_v1,cv-valid-train,sample-164958.wav
sample-165038 ~,Mozilla_wav,cv_corpus_v1,cv-valid-train,sample-165038.wav
sample-165204 ~,Mozilla_wav,cv_corpus_v1,cv-valid-train,sample-165204.wav
sample-165443 ~,Mozilla_wav,cv_corpus_v1,cv-valid-train,sample-165443.wav
sample-165694 ~,Mozilla_wav,cv_corpus_v1,cv-valid-train,sample-165694.wav
sample-165865 ~,Mozilla_wav,cv_corpus_v1,cv-valid-train,sample-165865.wav
sample-165935 ~,Mozilla_wav,cv_corpus_v1,cv-valid-train,sample-165935.wav
sample-165979 ~,Mozilla_wav,cv_corpus_v1,cv-valid-train,sample-165979.wav
sample-166143 ~,Mozilla_wav,cv_corpus_v1,cv-valid-train,sample-166143.wav
sample-166522 ~,Mozilla_wav,cv_corpus_v1,cv-valid-train,sample-166522.wav
sample-166685 ~,Mozilla_wav,cv_corpus_v1,cv-valid-train,sample-166685.wav
sample-166749 ~,Mozilla_wav,cv_corpus_v1,cv-valid-train,sample-166749.wav
sample-166814 ~,Mozilla_wav,cv_corpus_v1,cv-valid-train,sample-166814.wav
sample-167157 ~,Mozilla_wav,cv_corpus_v1,cv-valid-train,sample-167157.wav
sample-167345 ~,Mozilla_wav,cv_corpus_v1,cv-valid-train,sample-167345.wav
sample-167508 ~,Mozilla_wav,cv_corpus_v1,cv-valid-train,sample-167508.wav
sample-167834 ~,Mozilla_wav,cv_corpus_v1,cv-valid-train,sample-167834.wav
sample-168123 ~,Mozilla_wav,cv_corpus_v1,cv-valid-train,sample-168123.wav
sample-168299 ~,Mozilla_wav,cv_corpus_v1,cv-valid-train,sample-168299.wav
sample-168592 ~,Mozilla_wav,cv_corpus_v1,cv-valid-train,sample-168592.wav
sample-168624 ~,Mozilla_wav,cv_corpus_v1,cv-valid-train,sample-168624.wav
sample-168755 ~,Mozilla_wav,cv_corpus_v1,cv-valid-train,sample-168755.wav
sample-168859 ~,Mozilla_wav,cv_corpus_v1,cv-valid-train,sample-168859.wav
sample-169281 ~,Mozilla_wav,cv_corpus_v1,cv-valid-train,sample-169281.wav
sample-169486 ~,Mozilla_wav,cv_corpus_v1,cv-valid-train,sample-169486.wav
sample-169569 ~,Mozilla_wav,cv_corpus_v1,cv-valid-train,sample-169569.wav
sample-169637 ~,Mozilla_wav,cv_corpus_v1,cv-valid-train,sample-169637.wav
sample-169795 ~,Mozilla_wav,cv_corpus_v1,cv-valid-train,sample-169795.wav
sample-170012 ~,Mozilla_wav,cv_corpus_v1,cv-valid-train,sample-170012.wav
sample-170084 ~,Mozilla_wav,cv_corpus_v1,cv-valid-train,sample-170084.wav
sample-170134 ~,Mozilla_wav,cv_corpus_v1,cv-valid-train,sample-170134.wav
sample-170192 ~,Mozilla_wav,cv_corpus_v1,cv-valid-train,sample-170192.wav
sample-170484 ~,Mozilla_wav,cv_corpus_v1,cv-valid-train,sample-170484.wav
sample-170699 ~,Mozilla_wav,cv_corpus_v1,cv-valid-train,sample-170699.wav
sample-170868 ~,Mozilla_wav,cv_corpus_v1,cv-valid-train,sample-170868.wav
sample-171117 ~,Mozilla_wav,cv_corpus_v1,cv-valid-train,sample-171117.wav
sample-171361 ~,Mozilla_wav,cv_corpus_v1,cv-valid-train,sample-171361.wav
sample-171732 ~,Mozilla_wav,cv_corpus_v1,cv-valid-train,sample-171732.wav
sample-171814 ~,Mozilla_wav,cv_corpus_v1,cv-valid-train,sample-171814.wav
sample-171963 ~,Mozilla_wav,cv_corpus_v1,cv-valid-train,sample-171963.wav
sample-172036 ~,Mozilla_wav,cv_corpus_v1,cv-valid-train,sample-172036.wav
sample-172228 ~,Mozilla_wav,cv_corpus_v1,cv-valid-train,sample-172228.wav
sample-172370 ~,Mozilla_wav,cv_corpus_v1,cv-valid-train,sample-172370.wav
sample-172543 ~,Mozilla_wav,cv_corpus_v1,cv-valid-train,sample-172543.wav
sample-172771 ~,Mozilla_wav,cv_corpus_v1,cv-valid-train,sample-172771.wav
sample-172936 ~,Mozilla_wav,cv_corpus_v1,cv-valid-train,sample-172936.wav
sample-173175 ~,Mozilla_wav,cv_corpus_v1,cv-valid-train,sample-173175.wav
sample-173305 ~,Mozilla_wav,cv_corpus_v1,cv-valid-train,sample-173305.wav
sample-173407 ~,Mozilla_wav,cv_corpus_v1,cv-valid-train,sample-173407.wav
sample-173488 ~,Mozilla_wav,cv_corpus_v1,cv-valid-train,sample-173488.wav
sample-173645 ~,Mozilla_wav,cv_corpus_v1,cv-valid-train,sample-173645.wav
sample-173691 ~,Mozilla_wav,cv_corpus_v1,cv-valid-train,sample-173691.wav
sample-173977 ~,Mozilla_wav,cv_corpus_v1,cv-valid-train,sample-173977.wav
sample-174436 ~,Mozilla_wav,cv_corpus_v1,cv-valid-train,sample-174436.wav
sample-174554 ~,Mozilla_wav,cv_corpus_v1,cv-valid-train,sample-174554.wav
sample-174839 ~,Mozilla_wav,cv_corpus_v1,cv-valid-train,sample-174839.wav
sample-175002 ~,Mozilla_wav,cv_corpus_v1,cv-valid-train,sample-175002.wav
sample-175031 ~,Mozilla_wav,cv_corpus_v1,cv-valid-train,sample-175031.wav
sample-175149 ~,Mozilla_wav,cv_corpus_v1,cv-valid-train,sample-175149.wav
sample-175283 ~,Mozilla_wav,cv_corpus_v1,cv-valid-train,sample-175283.wav
sample-175507 ~,Mozilla_wav,cv_corpus_v1,cv-valid-train,sample-175507.wav
sample-175655 ~,Mozilla_wav,cv_corpus_v1,cv-valid-train,sample-175655.wav
sample-175772 ~,Mozilla_wav,cv_corpus_v1,cv-valid-train,sample-175772.wav
sample-175890 ~,Mozilla_wav,cv_corpus_v1,cv-valid-train,sample-175890.wav
sample-175982 ~,Mozilla_wav,cv_corpus_v1,cv-valid-train,sample-175982.wav
sample-176180 ~,Mozilla_wav,cv_corpus_v1,cv-valid-train,sample-176180.wav
sample-176385 ~,Mozilla_wav,cv_corpus_v1,cv-valid-train,sample-176385.wav
sample-176748 ~,Mozilla_wav,cv_corpus_v1,cv-valid-train,sample-176748.wav
sample-176790 ~,Mozilla_wav,cv_corpus_v1,cv-valid-train,sample-176790.wav
sample-176980 ~,Mozilla_wav,cv_corpus_v1,cv-valid-train,sample-176980.wav
sample-177309 ~,Mozilla_wav,cv_corpus_v1,cv-valid-train,sample-177309.wav
sample-177553 ~,Mozilla_wav,cv_corpus_v1,cv-valid-train,sample-177553.wav
sample-177688 ~,Mozilla_wav,cv_corpus_v1,cv-valid-train,sample-177688.wav
sample-177879 ~,Mozilla_wav,cv_corpus_v1,cv-valid-train,sample-177879.wav
sample-178023 ~,Mozilla_wav,cv_corpus_v1,cv-valid-train,sample-178023.wav
sample-178174 ~,Mozilla_wav,cv_corpus_v1,cv-valid-train,sample-178174.wav
sample-178460 ~,Mozilla_wav,cv_corpus_v1,cv-valid-train,sample-178460.wav
sample-178527 ~,Mozilla_wav,cv_corpus_v1,cv-valid-train,sample-178527.wav
sample-178684 ~,Mozilla_wav,cv_corpus_v1,cv-valid-train,sample-178684.wav
sample-178836 ~,Mozilla_wav,cv_corpus_v1,cv-valid-train,sample-178836.wav
sample-178954 ~,Mozilla_wav,cv_corpus_v1,cv-valid-train,sample-178954.wav
sample-179024 ~,Mozilla_wav,cv_corpus_v1,cv-valid-train,sample-179024.wav
sample-179137 ~,Mozilla_wav,cv_corpus_v1,cv-valid-train,sample-179137.wav
sample-179422 ~,Mozilla_wav,cv_corpus_v1,cv-valid-train,sample-179422.wav
sample-179866 ~,Mozilla_wav,cv_corpus_v1,cv-valid-train,sample-179866.wav
sample-179941 ~,Mozilla_wav,cv_corpus_v1,cv-valid-train,sample-179941.wav
sample-179997 ~,Mozilla_wav,cv_corpus_v1,cv-valid-train,sample-179997.wav
sample-180069 ~,Mozilla_wav,cv_corpus_v1,cv-valid-train,sample-180069.wav
sample-180343 ~,Mozilla_wav,cv_corpus_v1,cv-valid-train,sample-180343.wav
sample-180663 ~,Mozilla_wav,cv_corpus_v1,cv-valid-train,sample-180663.wav
sample-180993 ~,Mozilla_wav,cv_corpus_v1,cv-valid-train,sample-180993.wav
sample-181086 ~,Mozilla_wav,cv_corpus_v1,cv-valid-train,sample-181086.wav
sample-181146 ~,Mozilla_wav,cv_corpus_v1,cv-valid-train,sample-181146.wav
sample-181461 ~,Mozilla_wav,cv_corpus_v1,cv-valid-train,sample-181461.wav
sample-181734 ~,Mozilla_wav,cv_corpus_v1,cv-valid-train,sample-181734.wav
sample-181777 ~,Mozilla_wav,cv_corpus_v1,cv-valid-train,sample-181777.wav
sample-181863 ~,Mozilla_wav,cv_corpus_v1,cv-valid-train,sample-181863.wav
sample-182024 ~,Mozilla_wav,cv_corpus_v1,cv-valid-train,sample-182024.wav
sample-182167 ~,Mozilla_wav,cv_corpus_v1,cv-valid-train,sample-182167.wav
sample-182284 ~,Mozilla_wav,cv_corpus_v1,cv-valid-train,sample-182284.wav
sample-182325 ~,Mozilla_wav,cv_corpus_v1,cv-valid-train,sample-182325.wav
sample-182485 ~,Mozilla_wav,cv_corpus_v1,cv-valid-train,sample-182485.wav
sample-182675 ~,Mozilla_wav,cv_corpus_v1,cv-valid-train,sample-182675.wav
sample-182873 ~,Mozilla_wav,cv_corpus_v1,cv-valid-train,sample-182873.wav
sample-183022 ~,Mozilla_wav,cv_corpus_v1,cv-valid-train,sample-183022.wav
sample-183171 ~,Mozilla_wav,cv_corpus_v1,cv-valid-train,sample-183171.wav
sample-183322 ~,Mozilla_wav,cv_corpus_v1,cv-valid-train,sample-183322.wav
sample-183457 ~,Mozilla_wav,cv_corpus_v1,cv-valid-train,sample-183457.wav
sample-183613 ~,Mozilla_wav,cv_corpus_v1,cv-valid-train,sample-183613.wav
sample-183862 ~,Mozilla_wav,cv_corpus_v1,cv-valid-train,sample-183862.wav
sample-183980 ~,Mozilla_wav,cv_corpus_v1,cv-valid-train,sample-183980.wav
sample-184250 ~,Mozilla_wav,cv_corpus_v1,cv-valid-train,sample-184250.wav
sample-184354 ~,Mozilla_wav,cv_corpus_v1,cv-valid-train,sample-184354.wav
sample-184475 ~,Mozilla_wav,cv_corpus_v1,cv-valid-train,sample-184475.wav
sample-184550 ~,Mozilla_wav,cv_corpus_v1,cv-valid-train,sample-184550.wav
sample-184639 ~,Mozilla_wav,cv_corpus_v1,cv-valid-train,sample-184639.wav
sample-184792 ~,Mozilla_wav,cv_corpus_v1,cv-valid-train,sample-184792.wav
sample-185005 ~,Mozilla_wav,cv_corpus_v1,cv-valid-train,sample-185005.wav
sample-185348 ~,Mozilla_wav,cv_corpus_v1,cv-valid-train,sample-185348.wav
sample-185493 ~,Mozilla_wav,cv_corpus_v1,cv-valid-train,sample-185493.wav
sample-185626 ~,Mozilla_wav,cv_corpus_v1,cv-valid-train,sample-185626.wav
sample-185846 ~,Mozilla_wav,cv_corpus_v1,cv-valid-train,sample-185846.wav
sample-185993 ~,Mozilla_wav,cv_corpus_v1,cv-valid-train,sample-185993.wav
sample-186092 ~,Mozilla_wav,cv_corpus_v1,cv-valid-train,sample-186092.wav
sample-186326 ~,Mozilla_wav,cv_corpus_v1,cv-valid-train,sample-186326.wav
sample-186416 ~,Mozilla_wav,cv_corpus_v1,cv-valid-train,sample-186416.wav
sample-186446 ~,Mozilla_wav,cv_corpus_v1,cv-valid-train,sample-186446.wav
sample-186607 ~,Mozilla_wav,cv_corpus_v1,cv-valid-train,sample-186607.wav
sample-187000 ~,Mozilla_wav,cv_corpus_v1,cv-valid-train,sample-187000.wav
sample-187119 ~,Mozilla_wav,cv_corpus_v1,cv-valid-train,sample-187119.wav
sample-187441 ~,Mozilla_wav,cv_corpus_v1,cv-valid-train,sample-187441.wav
sample-187681 ~,Mozilla_wav,cv_corpus_v1,cv-valid-train,sample-187681.wav
sample-187697 ~,Mozilla_wav,cv_corpus_v1,cv-valid-train,sample-187697.wav
sample-187829 ~,Mozilla_wav,cv_corpus_v1,cv-valid-train,sample-187829.wav
sample-187968 ~,Mozilla_wav,cv_corpus_v1,cv-valid-train,sample-187968.wav
sample-188094 ~,Mozilla_wav,cv_corpus_v1,cv-valid-train,sample-188094.wav
sample-188228 ~,Mozilla_wav,cv_corpus_v1,cv-valid-train,sample-188228.wav
sample-188260 ~,Mozilla_wav,cv_corpus_v1,cv-valid-train,sample-188260.wav
sample-188422 ~,Mozilla_wav,cv_corpus_v1,cv-valid-train,sample-188422.wav
sample-188633 ~,Mozilla_wav,cv_corpus_v1,cv-valid-train,sample-188633.wav
sample-188850 ~,Mozilla_wav,cv_corpus_v1,cv-valid-train,sample-188850.wav
sample-189154 ~,Mozilla_wav,cv_corpus_v1,cv-valid-train,sample-189154.wav
sample-189290 ~,Mozilla_wav,cv_corpus_v1,cv-valid-train,sample-189290.wav
sample-189435 ~,Mozilla_wav,cv_corpus_v1,cv-valid-train,sample-189435.wav
sample-189781 ~,Mozilla_wav,cv_corpus_v1,cv-valid-train,sample-189781.wav
sample-189993 ~,Mozilla_wav,cv_corpus_v1,cv-valid-train,sample-189993.wav
sample-190083 ~,Mozilla_wav,cv_corpus_v1,cv-valid-train,sample-190083.wav
sample-190263 ~,Mozilla_wav,cv_corpus_v1,cv-valid-train,sample-190263.wav
sample-190391 ~,Mozilla_wav,cv_corpus_v1,cv-valid-train,sample-190391.wav
sample-190674 ~,Mozilla_wav,cv_corpus_v1,cv-valid-train,sample-190674.wav
sample-190709 ~,Mozilla_wav,cv_corpus_v1,cv-valid-train,sample-190709.wav
sample-190712 ~,Mozilla_wav,cv_corpus_v1,cv-valid-train,sample-190712.wav
sample-190996 ~,Mozilla_wav,cv_corpus_v1,cv-valid-train,sample-190996.wav
sample-191129 ~,Mozilla_wav,cv_corpus_v1,cv-valid-train,sample-191129.wav
sample-191326 ~,Mozilla_wav,cv_corpus_v1,cv-valid-train,sample-191326.wav
sample-191487 ~,Mozilla_wav,cv_corpus_v1,cv-valid-train,sample-191487.wav
sample-191500 ~,Mozilla_wav,cv_corpus_v1,cv-valid-train,sample-191500.wav
sample-191681 ~,Mozilla_wav,cv_corpus_v1,cv-valid-train,sample-191681.wav
sample-191867 ~,Mozilla_wav,cv_corpus_v1,cv-valid-train,sample-191867.wav
sample-191916 ~,Mozilla_wav,cv_corpus_v1,cv-valid-train,sample-191916.wav
sample-192068 ~,Mozilla_wav,cv_corpus_v1,cv-valid-train,sample-192068.wav
sample-192235 ~,Mozilla_wav,cv_corpus_v1,cv-valid-train,sample-192235.wav
sample-192293 ~,Mozilla_wav,cv_corpus_v1,cv-valid-train,sample-192293.wav
sample-192492 ~,Mozilla_wav,cv_corpus_v1,cv-valid-train,sample-192492.wav
sample-192631 ~,Mozilla_wav,cv_corpus_v1,cv-valid-train,sample-192631.wav
sample-193017 ~,Mozilla_wav,cv_corpus_v1,cv-valid-train,sample-193017.wav
sample-193259 ~,Mozilla_wav,cv_corpus_v1,cv-valid-train,sample-193259.wav
sample-193462 ~,Mozilla_wav,cv_corpus_v1,cv-valid-train,sample-193462.wav
sample-193682 ~,Mozilla_wav,cv_corpus_v1,cv-valid-train,sample-193682.wav
sample-193781 ~,Mozilla_wav,cv_corpus_v1,cv-valid-train,sample-193781.wav
sample-193912 ~,Mozilla_wav,cv_corpus_v1,cv-valid-train,sample-193912.wav
sample-194002 ~,Mozilla_wav,cv_corpus_v1,cv-valid-train,sample-194002.wav
sample-194100 ~,Mozilla_wav,cv_corpus_v1,cv-valid-train,sample-194100.wav
sample-194371 ~,Mozilla_wav,cv_corpus_v1,cv-valid-train,sample-194371.wav
sample-194619 ~,Mozilla_wav,cv_corpus_v1,cv-valid-train,sample-194619.wav
sample-194747 ~,Mozilla_wav,cv_corpus_v1,cv-valid-train,sample-194747.wav
sample-194882 ~,Mozilla_wav,cv_corpus_v1,cv-valid-train,sample-194882.wav
sample-195140 ~,Mozilla_wav,cv_corpus_v1,cv-valid-train,sample-195140.wav
sample-195327 ~,Mozilla_wav,cv_corpus_v1,cv-valid-train,sample-195327.wav
sample-195472 ~,Mozilla_wav,cv_corpus_v1,cv-valid-train,sample-195472.wav
sample-195537 ~,Mozilla_wav,cv_corpus_v1,cv-valid-train,sample-195537.wav
sample-195720 ~,Mozilla_wav,cv_corpus_v1,cv-valid-train,sample-195720.wav
