sample-000181 ~,Mozilla_wav,cv_corpus_v1,cv-valid-test,sample-000181.wav
sample-000244 ~,Mozilla_wav,cv_corpus_v1,cv-valid-dev,sample-000244.wav
sample-000384 ~,Mozilla_wav,cv_corpus_v1,cv-valid-train,sample-000384.wav
sample-000445 ~,Mozilla_wav,cv_corpus_v1,cv-valid-dev,sample-000445.wav
sample-000487 ~,Mozilla_wav,cv_corpus_v1,cv-valid-test,sample-000487.wav
sample-000538 ~,Mozilla_wav,cv_corpus_v1,cv-valid-test,sample-000538.wav
sample-000555 ~,Mozilla_wav,cv_corpus_v1,cv-valid-train,sample-000555.wav
sample-000657 ~,Mozilla_wav,cv_corpus_v1,cv-valid-train,sample-000657.wav
sample-000680 ~,Mozilla_wav,cv_corpus_v1,cv-valid-test,sample-000680.wav
sample-000684 ~,Mozilla_wav,cv_corpus_v1,cv-valid-test,sample-000684.wav
sample-000705 ~,Mozilla_wav,cv_corpus_v1,cv-valid-train,sample-000705.wav
sample-000725 ~,Mozilla_wav,cv_corpus_v1,cv-valid-test,sample-000725.wav
sample-000819 ~,Mozilla_wav,cv_corpus_v1,cv-valid-dev,sample-000819.wav
sample-000838 ~,Mozilla_wav,cv_corpus_v1,cv-valid-test,sample-000838.wav
sample-000846 ~,Mozilla_wav,cv_corpus_v1,cv-valid-dev,sample-000846.wav
sample-000857 ~,Mozilla_wav,cv_corpus_v1,cv-valid-dev,sample-000857.wav
sample-000986 ~,Mozilla_wav,cv_corpus_v1,cv-valid-dev,sample-000986.wav
sample-001063 ~,Mozilla_wav,cv_corpus_v1,cv-valid-train,sample-001063.wav
sample-001071 ~,Mozilla_wav,cv_corpus_v1,cv-valid-dev,sample-001071.wav
sample-001082 ~,Mozilla_wav,cv_corpus_v1,cv-valid-dev,sample-001082.wav
sample-001147 ~,Mozilla_wav,cv_corpus_v1,cv-valid-train,sample-001147.wav
sample-001201 ~,Mozilla_wav,cv_corpus_v1,cv-valid-test,sample-001201.wav
sample-001274 ~,Mozilla_wav,cv_corpus_v1,cv-valid-dev,sample-001274.wav
sample-001348 ~,Mozilla_wav,cv_corpus_v1,cv-valid-test,sample-001348.wav
sample-001352 ~,Mozilla_wav,cv_corpus_v1,cv-valid-train,sample-001352.wav
sample-001391 ~,Mozilla_wav,cv_corpus_v1,cv-valid-train,sample-001391.wav
sample-001522 ~,Mozilla_wav,cv_corpus_v1,cv-valid-test,sample-001522.wav
sample-001523 ~,Mozilla_wav,cv_corpus_v1,cv-valid-train,sample-001523.wav
sample-001594 ~,Mozilla_wav,cv_corpus_v1,cv-valid-train,sample-001594.wav
sample-001696 ~,Mozilla_wav,cv_corpus_v1,cv-valid-train,sample-001696.wav
sample-001707 ~,Mozilla_wav,cv_corpus_v1,cv-valid-test,sample-001707.wav
sample-001790 ~,Mozilla_wav,cv_corpus_v1,cv-valid-dev,sample-001790.wav
sample-002050 ~,Mozilla_wav,cv_corpus_v1,cv-valid-train,sample-002050.wav
sample-002306 ~,Mozilla_wav,cv_corpus_v1,cv-valid-train,sample-002306.wav
sample-002422 ~,Mozilla_wav,cv_corpus_v1,cv-valid-dev,sample-002422.wav
sample-002434 ~,Mozilla_wav,cv_corpus_v1,cv-valid-dev,sample-002434.wav
sample-002487 ~,Mozilla_wav,cv_corpus_v1,cv-valid-test,sample-002487.wav
sample-002566 ~,Mozilla_wav,cv_corpus_v1,cv-valid-dev,sample-002566.wav
sample-002660 ~,Mozilla_wav,cv_corpus_v1,cv-valid-test,sample-002660.wav
sample-002789 ~,Mozilla_wav,cv_corpus_v1,cv-valid-dev,sample-002789.wav
sample-002846 ~,Mozilla_wav,cv_corpus_v1,cv-valid-dev,sample-002846.wav
sample-002964 ~,Mozilla_wav,cv_corpus_v1,cv-valid-test,sample-002964.wav
sample-003001 ~,Mozilla_wav,cv_corpus_v1,cv-valid-dev,sample-003001.wav
sample-003054 ~,Mozilla_wav,cv_corpus_v1,cv-valid-dev,sample-003054.wav
sample-003222 ~,Mozilla_wav,cv_corpus_v1,cv-valid-dev,sample-003222.wav
sample-003302 ~,Mozilla_wav,cv_corpus_v1,cv-valid-dev,sample-003302.wav
sample-003308 ~,Mozilla_wav,cv_corpus_v1,cv-valid-test,sample-003308.wav
sample-003311 ~,Mozilla_wav,cv_corpus_v1,cv-valid-train,sample-003311.wav
sample-003319 ~,Mozilla_wav,cv_corpus_v1,cv-valid-test,sample-003319.wav
sample-003451 ~,Mozilla_wav,cv_corpus_v1,cv-valid-train,sample-003451.wav
sample-003455 ~,Mozilla_wav,cv_corpus_v1,cv-valid-train,sample-003455.wav
sample-003569 ~,Mozilla_wav,cv_corpus_v1,cv-valid-train,sample-003569.wav
sample-003598 ~,Mozilla_wav,cv_corpus_v1,cv-valid-dev,sample-003598.wav
sample-003712 ~,Mozilla_wav,cv_corpus_v1,cv-valid-dev,sample-003712.wav
sample-003956 ~,Mozilla_wav,cv_corpus_v1,cv-valid-train,sample-003956.wav
sample-004040 ~,Mozilla_wav,cv_corpus_v1,cv-valid-train,sample-004040.wav
sample-004096 ~,Mozilla_wav,cv_corpus_v1,cv-valid-train,sample-004096.wav
sample-004106 ~,Mozilla_wav,cv_corpus_v1,cv-valid-train,sample-004106.wav
sample-004390 ~,Mozilla_wav,cv_corpus_v1,cv-valid-train,sample-004390.wav
sample-004533 ~,Mozilla_wav,cv_corpus_v1,cv-valid-train,sample-004533.wav
sample-004621 ~,Mozilla_wav,cv_corpus_v1,cv-valid-train,sample-004621.wav
sample-004652 ~,Mozilla_wav,cv_corpus_v1,cv-valid-train,sample-004652.wav
sample-004989 ~,Mozilla_wav,cv_corpus_v1,cv-valid-train,sample-004989.wav
sample-005575 ~,Mozilla_wav,cv_corpus_v1,cv-valid-train,sample-005575.wav
sample-005710 ~,Mozilla_wav,cv_corpus_v1,cv-valid-train,sample-005710.wav
sample-005805 ~,Mozilla_wav,cv_corpus_v1,cv-valid-train,sample-005805.wav
sample-006053 ~,Mozilla_wav,cv_corpus_v1,cv-valid-train,sample-006053.wav
sample-006122 ~,Mozilla_wav,cv_corpus_v1,cv-valid-train,sample-006122.wav
sample-006259 ~,Mozilla_wav,cv_corpus_v1,cv-valid-train,sample-006259.wav
sample-006363 ~,Mozilla_wav,cv_corpus_v1,cv-valid-train,sample-006363.wav
sample-006378 ~,Mozilla_wav,cv_corpus_v1,cv-valid-train,sample-006378.wav
sample-006424 ~,Mozilla_wav,cv_corpus_v1,cv-valid-train,sample-006424.wav
sample-007268 ~,Mozilla_wav,cv_corpus_v1,cv-valid-train,sample-007268.wav
sample-007533 ~,Mozilla_wav,cv_corpus_v1,cv-valid-train,sample-007533.wav
sample-007791 ~,Mozilla_wav,cv_corpus_v1,cv-valid-train,sample-007791.wav
sample-007882 ~,Mozilla_wav,cv_corpus_v1,cv-valid-train,sample-007882.wav
sample-007966 ~,Mozilla_wav,cv_corpus_v1,cv-valid-train,sample-007966.wav
sample-008152 ~,Mozilla_wav,cv_corpus_v1,cv-valid-train,sample-008152.wav
sample-008237 ~,Mozilla_wav,cv_corpus_v1,cv-valid-train,sample-008237.wav
sample-008308 ~,Mozilla_wav,cv_corpus_v1,cv-valid-train,sample-008308.wav
sample-008890 ~,Mozilla_wav,cv_corpus_v1,cv-valid-train,sample-008890.wav
sample-009054 ~,Mozilla_wav,cv_corpus_v1,cv-valid-train,sample-009054.wav
sample-009080 ~,Mozilla_wav,cv_corpus_v1,cv-valid-train,sample-009080.wav
sample-009321 ~,Mozilla_wav,cv_corpus_v1,cv-valid-train,sample-009321.wav
sample-009396 ~,Mozilla_wav,cv_corpus_v1,cv-valid-train,sample-009396.wav
sample-009677 ~,Mozilla_wav,cv_corpus_v1,cv-valid-train,sample-009677.wav
sample-009737 ~,Mozilla_wav,cv_corpus_v1,cv-valid-train,sample-009737.wav
sample-009793 ~,Mozilla_wav,cv_corpus_v1,cv-valid-train,sample-009793.wav
sample-009884 ~,Mozilla_wav,cv_corpus_v1,cv-valid-train,sample-009884.wav
sample-009951 ~,Mozilla_wav,cv_corpus_v1,cv-valid-train,sample-009951.wav
sample-009981 ~,Mozilla_wav,cv_corpus_v1,cv-valid-train,sample-009981.wav
sample-010004 ~,Mozilla_wav,cv_corpus_v1,cv-valid-train,sample-010004.wav
sample-010120 ~,Mozilla_wav,cv_corpus_v1,cv-valid-train,sample-010120.wav
sample-010175 ~,Mozilla_wav,cv_corpus_v1,cv-valid-train,sample-010175.wav
sample-010251 ~,Mozilla_wav,cv_corpus_v1,cv-valid-train,sample-010251.wav
sample-010432 ~,Mozilla_wav,cv_corpus_v1,cv-valid-train,sample-010432.wav
sample-010579 ~,Mozilla_wav,cv_corpus_v1,cv-valid-train,sample-010579.wav
sample-010624 ~,Mozilla_wav,cv_corpus_v1,cv-valid-train,sample-010624.wav
sample-010905 ~,Mozilla_wav,cv_corpus_v1,cv-valid-train,sample-010905.wav
sample-011077 ~,Mozilla_wav,cv_corpus_v1,cv-valid-train,sample-011077.wav
sample-011272 ~,Mozilla_wav,cv_corpus_v1,cv-valid-train,sample-011272.wav
sample-011330 ~,Mozilla_wav,cv_corpus_v1,cv-valid-train,sample-011330.wav
sample-011678 ~,Mozilla_wav,cv_corpus_v1,cv-valid-train,sample-011678.wav
sample-012234 ~,Mozilla_wav,cv_corpus_v1,cv-valid-train,sample-012234.wav
sample-012251 ~,Mozilla_wav,cv_corpus_v1,cv-valid-train,sample-012251.wav
sample-012792 ~,Mozilla_wav,cv_corpus_v1,cv-valid-train,sample-012792.wav
sample-012821 ~,Mozilla_wav,cv_corpus_v1,cv-valid-train,sample-012821.wav
sample-012908 ~,Mozilla_wav,cv_corpus_v1,cv-valid-train,sample-012908.wav
sample-013367 ~,Mozilla_wav,cv_corpus_v1,cv-valid-train,sample-013367.wav
sample-013503 ~,Mozilla_wav,cv_corpus_v1,cv-valid-train,sample-013503.wav
sample-013747 ~,Mozilla_wav,cv_corpus_v1,cv-valid-train,sample-013747.wav
sample-013862 ~,Mozilla_wav,cv_corpus_v1,cv-valid-train,sample-013862.wav
sample-013992 ~,Mozilla_wav,cv_corpus_v1,cv-valid-train,sample-013992.wav
sample-014209 ~,Mozilla_wav,cv_corpus_v1,cv-valid-train,sample-014209.wav
sample-014251 ~,Mozilla_wav,cv_corpus_v1,cv-valid-train,sample-014251.wav
sample-014327 ~,Mozilla_wav,cv_corpus_v1,cv-valid-train,sample-014327.wav
sample-014709 ~,Mozilla_wav,cv_corpus_v1,cv-valid-train,sample-014709.wav
sample-014998 ~,Mozilla_wav,cv_corpus_v1,cv-valid-train,sample-014998.wav
sample-015352 ~,Mozilla_wav,cv_corpus_v1,cv-valid-train,sample-015352.wav
sample-016077 ~,Mozilla_wav,cv_corpus_v1,cv-valid-train,sample-016077.wav
sample-016105 ~,Mozilla_wav,cv_corpus_v1,cv-valid-train,sample-016105.wav
sample-016252 ~,Mozilla_wav,cv_corpus_v1,cv-valid-train,sample-016252.wav
sample-016309 ~,Mozilla_wav,cv_corpus_v1,cv-valid-train,sample-016309.wav
sample-016350 ~,Mozilla_wav,cv_corpus_v1,cv-valid-train,sample-016350.wav
sample-016443 ~,Mozilla_wav,cv_corpus_v1,cv-valid-train,sample-016443.wav
sample-016782 ~,Mozilla_wav,cv_corpus_v1,cv-valid-train,sample-016782.wav
sample-016820 ~,Mozilla_wav,cv_corpus_v1,cv-valid-train,sample-016820.wav
sample-016967 ~,Mozilla_wav,cv_corpus_v1,cv-valid-train,sample-016967.wav
sample-016997 ~,Mozilla_wav,cv_corpus_v1,cv-valid-train,sample-016997.wav
sample-018080 ~,Mozilla_wav,cv_corpus_v1,cv-valid-train,sample-018080.wav
sample-018191 ~,Mozilla_wav,cv_corpus_v1,cv-valid-train,sample-018191.wav
sample-018636 ~,Mozilla_wav,cv_corpus_v1,cv-valid-train,sample-018636.wav
sample-018897 ~,Mozilla_wav,cv_corpus_v1,cv-valid-train,sample-018897.wav
sample-019010 ~,Mozilla_wav,cv_corpus_v1,cv-valid-train,sample-019010.wav
sample-019087 ~,Mozilla_wav,cv_corpus_v1,cv-valid-train,sample-019087.wav
sample-019149 ~,Mozilla_wav,cv_corpus_v1,cv-valid-train,sample-019149.wav
sample-019483 ~,Mozilla_wav,cv_corpus_v1,cv-valid-train,sample-019483.wav
sample-019915 ~,Mozilla_wav,cv_corpus_v1,cv-valid-train,sample-019915.wav
sample-019928 ~,Mozilla_wav,cv_corpus_v1,cv-valid-train,sample-019928.wav
sample-019973 ~,Mozilla_wav,cv_corpus_v1,cv-valid-train,sample-019973.wav
sample-020204 ~,Mozilla_wav,cv_corpus_v1,cv-valid-train,sample-020204.wav
sample-020240 ~,Mozilla_wav,cv_corpus_v1,cv-valid-train,sample-020240.wav
sample-020644 ~,Mozilla_wav,cv_corpus_v1,cv-valid-train,sample-020644.wav
sample-020884 ~,Mozilla_wav,cv_corpus_v1,cv-valid-train,sample-020884.wav
sample-020910 ~,Mozilla_wav,cv_corpus_v1,cv-valid-train,sample-020910.wav
sample-021097 ~,Mozilla_wav,cv_corpus_v1,cv-valid-train,sample-021097.wav
sample-021153 ~,Mozilla_wav,cv_corpus_v1,cv-valid-train,sample-021153.wav
sample-021443 ~,Mozilla_wav,cv_corpus_v1,cv-valid-train,sample-021443.wav
sample-021525 ~,Mozilla_wav,cv_corpus_v1,cv-valid-train,sample-021525.wav
sample-021988 ~,Mozilla_wav,cv_corpus_v1,cv-valid-train,sample-021988.wav
sample-022109 ~,Mozilla_wav,cv_corpus_v1,cv-valid-train,sample-022109.wav
sample-022280 ~,Mozilla_wav,cv_corpus_v1,cv-valid-train,sample-022280.wav
sample-022456 ~,Mozilla_wav,cv_corpus_v1,cv-valid-train,sample-022456.wav
sample-022467 ~,Mozilla_wav,cv_corpus_v1,cv-valid-train,sample-022467.wav
sample-022803 ~,Mozilla_wav,cv_corpus_v1,cv-valid-train,sample-022803.wav
sample-022925 ~,Mozilla_wav,cv_corpus_v1,cv-valid-train,sample-022925.wav
sample-022986 ~,Mozilla_wav,cv_corpus_v1,cv-valid-train,sample-022986.wav
sample-023745 ~,Mozilla_wav,cv_corpus_v1,cv-valid-train,sample-023745.wav
sample-023774 ~,Mozilla_wav,cv_corpus_v1,cv-valid-train,sample-023774.wav
sample-023870 ~,Mozilla_wav,cv_corpus_v1,cv-valid-train,sample-023870.wav
sample-023922 ~,Mozilla_wav,cv_corpus_v1,cv-valid-train,sample-023922.wav
sample-024272 ~,Mozilla_wav,cv_corpus_v1,cv-valid-train,sample-024272.wav
sample-024504 ~,Mozilla_wav,cv_corpus_v1,cv-valid-train,sample-024504.wav
sample-024577 ~,Mozilla_wav,cv_corpus_v1,cv-valid-train,sample-024577.wav
sample-024794 ~,Mozilla_wav,cv_corpus_v1,cv-valid-train,sample-024794.wav
sample-024808 ~,Mozilla_wav,cv_corpus_v1,cv-valid-train,sample-024808.wav
sample-024975 ~,Mozilla_wav,cv_corpus_v1,cv-valid-train,sample-024975.wav
sample-025374 ~,Mozilla_wav,cv_corpus_v1,cv-valid-train,sample-025374.wav
sample-025534 ~,Mozilla_wav,cv_corpus_v1,cv-valid-train,sample-025534.wav
sample-025792 ~,Mozilla_wav,cv_corpus_v1,cv-valid-train,sample-025792.wav
sample-025908 ~,Mozilla_wav,cv_corpus_v1,cv-valid-train,sample-025908.wav
sample-025962 ~,Mozilla_wav,cv_corpus_v1,cv-valid-train,sample-025962.wav
sample-025972 ~,Mozilla_wav,cv_corpus_v1,cv-valid-train,sample-025972.wav
sample-026322 ~,Mozilla_wav,cv_corpus_v1,cv-valid-train,sample-026322.wav
sample-026352 ~,Mozilla_wav,cv_corpus_v1,cv-valid-train,sample-026352.wav
sample-026725 ~,Mozilla_wav,cv_corpus_v1,cv-valid-train,sample-026725.wav
sample-026819 ~,Mozilla_wav,cv_corpus_v1,cv-valid-train,sample-026819.wav
sample-026981 ~,Mozilla_wav,cv_corpus_v1,cv-valid-train,sample-026981.wav
sample-027096 ~,Mozilla_wav,cv_corpus_v1,cv-valid-train,sample-027096.wav
sample-027253 ~,Mozilla_wav,cv_corpus_v1,cv-valid-train,sample-027253.wav
sample-027371 ~,Mozilla_wav,cv_corpus_v1,cv-valid-train,sample-027371.wav
sample-027702 ~,Mozilla_wav,cv_corpus_v1,cv-valid-train,sample-027702.wav
sample-027815 ~,Mozilla_wav,cv_corpus_v1,cv-valid-train,sample-027815.wav
sample-027891 ~,Mozilla_wav,cv_corpus_v1,cv-valid-train,sample-027891.wav
sample-028050 ~,Mozilla_wav,cv_corpus_v1,cv-valid-train,sample-028050.wav
sample-028226 ~,Mozilla_wav,cv_corpus_v1,cv-valid-train,sample-028226.wav
sample-028375 ~,Mozilla_wav,cv_corpus_v1,cv-valid-train,sample-028375.wav
sample-028546 ~,Mozilla_wav,cv_corpus_v1,cv-valid-train,sample-028546.wav
sample-028859 ~,Mozilla_wav,cv_corpus_v1,cv-valid-train,sample-028859.wav
sample-028932 ~,Mozilla_wav,cv_corpus_v1,cv-valid-train,sample-028932.wav
sample-029061 ~,Mozilla_wav,cv_corpus_v1,cv-valid-train,sample-029061.wav
sample-029523 ~,Mozilla_wav,cv_corpus_v1,cv-valid-train,sample-029523.wav
sample-029837 ~,Mozilla_wav,cv_corpus_v1,cv-valid-train,sample-029837.wav
sample-029860 ~,Mozilla_wav,cv_corpus_v1,cv-valid-train,sample-029860.wav
sample-029984 ~,Mozilla_wav,cv_corpus_v1,cv-valid-train,sample-029984.wav
sample-029995 ~,Mozilla_wav,cv_corpus_v1,cv-valid-train,sample-029995.wav
sample-030078 ~,Mozilla_wav,cv_corpus_v1,cv-valid-train,sample-030078.wav
sample-030712 ~,Mozilla_wav,cv_corpus_v1,cv-valid-train,sample-030712.wav
sample-030770 ~,Mozilla_wav,cv_corpus_v1,cv-valid-train,sample-030770.wav
sample-030827 ~,Mozilla_wav,cv_corpus_v1,cv-valid-train,sample-030827.wav
sample-030990 ~,Mozilla_wav,cv_corpus_v1,cv-valid-train,sample-030990.wav
sample-031177 ~,Mozilla_wav,cv_corpus_v1,cv-valid-train,sample-031177.wav
sample-031338 ~,Mozilla_wav,cv_corpus_v1,cv-valid-train,sample-031338.wav
sample-031746 ~,Mozilla_wav,cv_corpus_v1,cv-valid-train,sample-031746.wav
sample-032213 ~,Mozilla_wav,cv_corpus_v1,cv-valid-train,sample-032213.wav
sample-032493 ~,Mozilla_wav,cv_corpus_v1,cv-valid-train,sample-032493.wav
sample-032533 ~,Mozilla_wav,cv_corpus_v1,cv-valid-train,sample-032533.wav
sample-032613 ~,Mozilla_wav,cv_corpus_v1,cv-valid-train,sample-032613.wav
sample-032652 ~,Mozilla_wav,cv_corpus_v1,cv-valid-train,sample-032652.wav
sample-033050 ~,Mozilla_wav,cv_corpus_v1,cv-valid-train,sample-033050.wav
sample-033288 ~,Mozilla_wav,cv_corpus_v1,cv-valid-train,sample-033288.wav
sample-033382 ~,Mozilla_wav,cv_corpus_v1,cv-valid-train,sample-033382.wav
sample-033438 ~,Mozilla_wav,cv_corpus_v1,cv-valid-train,sample-033438.wav
sample-033524 ~,Mozilla_wav,cv_corpus_v1,cv-valid-train,sample-033524.wav
sample-033852 ~,Mozilla_wav,cv_corpus_v1,cv-valid-train,sample-033852.wav
sample-033908 ~,Mozilla_wav,cv_corpus_v1,cv-valid-train,sample-033908.wav
sample-033936 ~,Mozilla_wav,cv_corpus_v1,cv-valid-train,sample-033936.wav
sample-034014 ~,Mozilla_wav,cv_corpus_v1,cv-valid-train,sample-034014.wav
sample-034294 ~,Mozilla_wav,cv_corpus_v1,cv-valid-train,sample-034294.wav
sample-034315 ~,Mozilla_wav,cv_corpus_v1,cv-valid-train,sample-034315.wav
sample-034341 ~,Mozilla_wav,cv_corpus_v1,cv-valid-train,sample-034341.wav
sample-034400 ~,Mozilla_wav,cv_corpus_v1,cv-valid-train,sample-034400.wav
sample-034600 ~,Mozilla_wav,cv_corpus_v1,cv-valid-train,sample-034600.wav
sample-034664 ~,Mozilla_wav,cv_corpus_v1,cv-valid-train,sample-034664.wav
sample-034745 ~,Mozilla_wav,cv_corpus_v1,cv-valid-train,sample-034745.wav
sample-035209 ~,Mozilla_wav,cv_corpus_v1,cv-valid-train,sample-035209.wav
sample-035248 ~,Mozilla_wav,cv_corpus_v1,cv-valid-train,sample-035248.wav
sample-035511 ~,Mozilla_wav,cv_corpus_v1,cv-valid-train,sample-035511.wav
sample-035987 ~,Mozilla_wav,cv_corpus_v1,cv-valid-train,sample-035987.wav
sample-035990 ~,Mozilla_wav,cv_corpus_v1,cv-valid-train,sample-035990.wav
sample-036241 ~,Mozilla_wav,cv_corpus_v1,cv-valid-train,sample-036241.wav
sample-036297 ~,Mozilla_wav,cv_corpus_v1,cv-valid-train,sample-036297.wav
sample-036341 ~,Mozilla_wav,cv_corpus_v1,cv-valid-train,sample-036341.wav
sample-036739 ~,Mozilla_wav,cv_corpus_v1,cv-valid-train,sample-036739.wav
sample-037202 ~,Mozilla_wav,cv_corpus_v1,cv-valid-train,sample-037202.wav
sample-037242 ~,Mozilla_wav,cv_corpus_v1,cv-valid-train,sample-037242.wav
sample-037649 ~,Mozilla_wav,cv_corpus_v1,cv-valid-train,sample-037649.wav
sample-037749 ~,Mozilla_wav,cv_corpus_v1,cv-valid-train,sample-037749.wav
sample-037775 ~,Mozilla_wav,cv_corpus_v1,cv-valid-train,sample-037775.wav
sample-037786 ~,Mozilla_wav,cv_corpus_v1,cv-valid-train,sample-037786.wav
sample-037833 ~,Mozilla_wav,cv_corpus_v1,cv-valid-train,sample-037833.wav
sample-038039 ~,Mozilla_wav,cv_corpus_v1,cv-valid-train,sample-038039.wav
sample-038174 ~,Mozilla_wav,cv_corpus_v1,cv-valid-train,sample-038174.wav
sample-038180 ~,Mozilla_wav,cv_corpus_v1,cv-valid-train,sample-038180.wav
sample-038259 ~,Mozilla_wav,cv_corpus_v1,cv-valid-train,sample-038259.wav
sample-038357 ~,Mozilla_wav,cv_corpus_v1,cv-valid-train,sample-038357.wav
sample-038405 ~,Mozilla_wav,cv_corpus_v1,cv-valid-train,sample-038405.wav
sample-038411 ~,Mozilla_wav,cv_corpus_v1,cv-valid-train,sample-038411.wav
sample-038645 ~,Mozilla_wav,cv_corpus_v1,cv-valid-train,sample-038645.wav
sample-038889 ~,Mozilla_wav,cv_corpus_v1,cv-valid-train,sample-038889.wav
sample-039494 ~,Mozilla_wav,cv_corpus_v1,cv-valid-train,sample-039494.wav
sample-039504 ~,Mozilla_wav,cv_corpus_v1,cv-valid-train,sample-039504.wav
sample-039923 ~,Mozilla_wav,cv_corpus_v1,cv-valid-train,sample-039923.wav
sample-040142 ~,Mozilla_wav,cv_corpus_v1,cv-valid-train,sample-040142.wav
sample-040215 ~,Mozilla_wav,cv_corpus_v1,cv-valid-train,sample-040215.wav
sample-040758 ~,Mozilla_wav,cv_corpus_v1,cv-valid-train,sample-040758.wav
sample-041059 ~,Mozilla_wav,cv_corpus_v1,cv-valid-train,sample-041059.wav
sample-041245 ~,Mozilla_wav,cv_corpus_v1,cv-valid-train,sample-041245.wav
sample-041350 ~,Mozilla_wav,cv_corpus_v1,cv-valid-train,sample-041350.wav
sample-041833 ~,Mozilla_wav,cv_corpus_v1,cv-valid-train,sample-041833.wav
sample-041930 ~,Mozilla_wav,cv_corpus_v1,cv-valid-train,sample-041930.wav
sample-041958 ~,Mozilla_wav,cv_corpus_v1,cv-valid-train,sample-041958.wav
sample-041964 ~,Mozilla_wav,cv_corpus_v1,cv-valid-train,sample-041964.wav
sample-042125 ~,Mozilla_wav,cv_corpus_v1,cv-valid-train,sample-042125.wav
sample-042337 ~,Mozilla_wav,cv_corpus_v1,cv-valid-train,sample-042337.wav
sample-042486 ~,Mozilla_wav,cv_corpus_v1,cv-valid-train,sample-042486.wav
sample-042873 ~,Mozilla_wav,cv_corpus_v1,cv-valid-train,sample-042873.wav
sample-043069 ~,Mozilla_wav,cv_corpus_v1,cv-valid-train,sample-043069.wav
sample-043438 ~,Mozilla_wav,cv_corpus_v1,cv-valid-train,sample-043438.wav
sample-043549 ~,Mozilla_wav,cv_corpus_v1,cv-valid-train,sample-043549.wav
sample-043797 ~,Mozilla_wav,cv_corpus_v1,cv-valid-train,sample-043797.wav
sample-043820 ~,Mozilla_wav,cv_corpus_v1,cv-valid-train,sample-043820.wav
sample-043962 ~,Mozilla_wav,cv_corpus_v1,cv-valid-train,sample-043962.wav
sample-044147 ~,Mozilla_wav,cv_corpus_v1,cv-valid-train,sample-044147.wav
sample-044263 ~,Mozilla_wav,cv_corpus_v1,cv-valid-train,sample-044263.wav
sample-044290 ~,Mozilla_wav,cv_corpus_v1,cv-valid-train,sample-044290.wav
sample-044851 ~,Mozilla_wav,cv_corpus_v1,cv-valid-train,sample-044851.wav
sample-045158 ~,Mozilla_wav,cv_corpus_v1,cv-valid-train,sample-045158.wav
sample-045236 ~,Mozilla_wav,cv_corpus_v1,cv-valid-train,sample-045236.wav
sample-045415 ~,Mozilla_wav,cv_corpus_v1,cv-valid-train,sample-045415.wav
sample-045548 ~,Mozilla_wav,cv_corpus_v1,cv-valid-train,sample-045548.wav
sample-046249 ~,Mozilla_wav,cv_corpus_v1,cv-valid-train,sample-046249.wav
sample-046393 ~,Mozilla_wav,cv_corpus_v1,cv-valid-train,sample-046393.wav
sample-046582 ~,Mozilla_wav,cv_corpus_v1,cv-valid-train,sample-046582.wav
sample-046605 ~,Mozilla_wav,cv_corpus_v1,cv-valid-train,sample-046605.wav
sample-046656 ~,Mozilla_wav,cv_corpus_v1,cv-valid-train,sample-046656.wav
sample-046666 ~,Mozilla_wav,cv_corpus_v1,cv-valid-train,sample-046666.wav
sample-046699 ~,Mozilla_wav,cv_corpus_v1,cv-valid-train,sample-046699.wav
sample-046783 ~,Mozilla_wav,cv_corpus_v1,cv-valid-train,sample-046783.wav
sample-046846 ~,Mozilla_wav,cv_corpus_v1,cv-valid-train,sample-046846.wav
sample-046951 ~,Mozilla_wav,cv_corpus_v1,cv-valid-train,sample-046951.wav
sample-047420 ~,Mozilla_wav,cv_corpus_v1,cv-valid-train,sample-047420.wav
sample-047422 ~,Mozilla_wav,cv_corpus_v1,cv-valid-train,sample-047422.wav
sample-047564 ~,Mozilla_wav,cv_corpus_v1,cv-valid-train,sample-047564.wav
sample-048172 ~,Mozilla_wav,cv_corpus_v1,cv-valid-train,sample-048172.wav
sample-048588 ~,Mozilla_wav,cv_corpus_v1,cv-valid-train,sample-048588.wav
sample-048691 ~,Mozilla_wav,cv_corpus_v1,cv-valid-train,sample-048691.wav
sample-048738 ~,Mozilla_wav,cv_corpus_v1,cv-valid-train,sample-048738.wav
sample-048803 ~,Mozilla_wav,cv_corpus_v1,cv-valid-train,sample-048803.wav
sample-048830 ~,Mozilla_wav,cv_corpus_v1,cv-valid-train,sample-048830.wav
sample-048832 ~,Mozilla_wav,cv_corpus_v1,cv-valid-train,sample-048832.wav
sample-049066 ~,Mozilla_wav,cv_corpus_v1,cv-valid-train,sample-049066.wav
sample-050363 ~,Mozilla_wav,cv_corpus_v1,cv-valid-train,sample-050363.wav
sample-050760 ~,Mozilla_wav,cv_corpus_v1,cv-valid-train,sample-050760.wav
sample-051147 ~,Mozilla_wav,cv_corpus_v1,cv-valid-train,sample-051147.wav
sample-051163 ~,Mozilla_wav,cv_corpus_v1,cv-valid-train,sample-051163.wav
sample-051187 ~,Mozilla_wav,cv_corpus_v1,cv-valid-train,sample-051187.wav
sample-051213 ~,Mozilla_wav,cv_corpus_v1,cv-valid-train,sample-051213.wav
sample-051273 ~,Mozilla_wav,cv_corpus_v1,cv-valid-train,sample-051273.wav
sample-051524 ~,Mozilla_wav,cv_corpus_v1,cv-valid-train,sample-051524.wav
sample-051539 ~,Mozilla_wav,cv_corpus_v1,cv-valid-train,sample-051539.wav
sample-052416 ~,Mozilla_wav,cv_corpus_v1,cv-valid-train,sample-052416.wav
sample-052450 ~,Mozilla_wav,cv_corpus_v1,cv-valid-train,sample-052450.wav
sample-052458 ~,Mozilla_wav,cv_corpus_v1,cv-valid-train,sample-052458.wav
sample-052725 ~,Mozilla_wav,cv_corpus_v1,cv-valid-train,sample-052725.wav
sample-052737 ~,Mozilla_wav,cv_corpus_v1,cv-valid-train,sample-052737.wav
sample-053127 ~,Mozilla_wav,cv_corpus_v1,cv-valid-train,sample-053127.wav
sample-053344 ~,Mozilla_wav,cv_corpus_v1,cv-valid-train,sample-053344.wav
sample-053509 ~,Mozilla_wav,cv_corpus_v1,cv-valid-train,sample-053509.wav
sample-053524 ~,Mozilla_wav,cv_corpus_v1,cv-valid-train,sample-053524.wav
sample-053777 ~,Mozilla_wav,cv_corpus_v1,cv-valid-train,sample-053777.wav
sample-053829 ~,Mozilla_wav,cv_corpus_v1,cv-valid-train,sample-053829.wav
sample-053848 ~,Mozilla_wav,cv_corpus_v1,cv-valid-train,sample-053848.wav
sample-054147 ~,Mozilla_wav,cv_corpus_v1,cv-valid-train,sample-054147.wav
sample-054194 ~,Mozilla_wav,cv_corpus_v1,cv-valid-train,sample-054194.wav
sample-054504 ~,Mozilla_wav,cv_corpus_v1,cv-valid-train,sample-054504.wav
sample-054653 ~,Mozilla_wav,cv_corpus_v1,cv-valid-train,sample-054653.wav
sample-054678 ~,Mozilla_wav,cv_corpus_v1,cv-valid-train,sample-054678.wav
sample-054769 ~,Mozilla_wav,cv_corpus_v1,cv-valid-train,sample-054769.wav
sample-055460 ~,Mozilla_wav,cv_corpus_v1,cv-valid-train,sample-055460.wav
sample-055852 ~,Mozilla_wav,cv_corpus_v1,cv-valid-train,sample-055852.wav
sample-056308 ~,Mozilla_wav,cv_corpus_v1,cv-valid-train,sample-056308.wav
sample-056374 ~,Mozilla_wav,cv_corpus_v1,cv-valid-train,sample-056374.wav
sample-056467 ~,Mozilla_wav,cv_corpus_v1,cv-valid-train,sample-056467.wav
sample-056605 ~,Mozilla_wav,cv_corpus_v1,cv-valid-train,sample-056605.wav
sample-056622 ~,Mozilla_wav,cv_corpus_v1,cv-valid-train,sample-056622.wav
sample-056642 ~,Mozilla_wav,cv_corpus_v1,cv-valid-train,sample-056642.wav
sample-056776 ~,Mozilla_wav,cv_corpus_v1,cv-valid-train,sample-056776.wav
sample-056857 ~,Mozilla_wav,cv_corpus_v1,cv-valid-train,sample-056857.wav
sample-057237 ~,Mozilla_wav,cv_corpus_v1,cv-valid-train,sample-057237.wav
sample-057317 ~,Mozilla_wav,cv_corpus_v1,cv-valid-train,sample-057317.wav
sample-057437 ~,Mozilla_wav,cv_corpus_v1,cv-valid-train,sample-057437.wav
sample-057496 ~,Mozilla_wav,cv_corpus_v1,cv-valid-train,sample-057496.wav
sample-057765 ~,Mozilla_wav,cv_corpus_v1,cv-valid-train,sample-057765.wav
sample-058250 ~,Mozilla_wav,cv_corpus_v1,cv-valid-train,sample-058250.wav
sample-058425 ~,Mozilla_wav,cv_corpus_v1,cv-valid-train,sample-058425.wav
sample-058553 ~,Mozilla_wav,cv_corpus_v1,cv-valid-train,sample-058553.wav
sample-058613 ~,Mozilla_wav,cv_corpus_v1,cv-valid-train,sample-058613.wav
sample-058619 ~,Mozilla_wav,cv_corpus_v1,cv-valid-train,sample-058619.wav
sample-058620 ~,Mozilla_wav,cv_corpus_v1,cv-valid-train,sample-058620.wav
sample-058890 ~,Mozilla_wav,cv_corpus_v1,cv-valid-train,sample-058890.wav
sample-058907 ~,Mozilla_wav,cv_corpus_v1,cv-valid-train,sample-058907.wav
sample-059260 ~,Mozilla_wav,cv_corpus_v1,cv-valid-train,sample-059260.wav
sample-059275 ~,Mozilla_wav,cv_corpus_v1,cv-valid-train,sample-059275.wav
sample-059509 ~,Mozilla_wav,cv_corpus_v1,cv-valid-train,sample-059509.wav
sample-059575 ~,Mozilla_wav,cv_corpus_v1,cv-valid-train,sample-059575.wav
sample-059625 ~,Mozilla_wav,cv_corpus_v1,cv-valid-train,sample-059625.wav
sample-059913 ~,Mozilla_wav,cv_corpus_v1,cv-valid-train,sample-059913.wav
sample-059970 ~,Mozilla_wav,cv_corpus_v1,cv-valid-train,sample-059970.wav
sample-060413 ~,Mozilla_wav,cv_corpus_v1,cv-valid-train,sample-060413.wav
sample-060448 ~,Mozilla_wav,cv_corpus_v1,cv-valid-train,sample-060448.wav
sample-060454 ~,Mozilla_wav,cv_corpus_v1,cv-valid-train,sample-060454.wav
sample-060852 ~,Mozilla_wav,cv_corpus_v1,cv-valid-train,sample-060852.wav
sample-060872 ~,Mozilla_wav,cv_corpus_v1,cv-valid-train,sample-060872.wav
sample-061226 ~,Mozilla_wav,cv_corpus_v1,cv-valid-train,sample-061226.wav
sample-061516 ~,Mozilla_wav,cv_corpus_v1,cv-valid-train,sample-061516.wav
sample-062016 ~,Mozilla_wav,cv_corpus_v1,cv-valid-train,sample-062016.wav
sample-062874 ~,Mozilla_wav,cv_corpus_v1,cv-valid-train,sample-062874.wav
sample-063404 ~,Mozilla_wav,cv_corpus_v1,cv-valid-train,sample-063404.wav
sample-063549 ~,Mozilla_wav,cv_corpus_v1,cv-valid-train,sample-063549.wav
sample-064323 ~,Mozilla_wav,cv_corpus_v1,cv-valid-train,sample-064323.wav
sample-064610 ~,Mozilla_wav,cv_corpus_v1,cv-valid-train,sample-064610.wav
sample-064670 ~,Mozilla_wav,cv_corpus_v1,cv-valid-train,sample-064670.wav
sample-064799 ~,Mozilla_wav,cv_corpus_v1,cv-valid-train,sample-064799.wav
sample-064836 ~,Mozilla_wav,cv_corpus_v1,cv-valid-train,sample-064836.wav
sample-065383 ~,Mozilla_wav,cv_corpus_v1,cv-valid-train,sample-065383.wav
sample-065485 ~,Mozilla_wav,cv_corpus_v1,cv-valid-train,sample-065485.wav
sample-065607 ~,Mozilla_wav,cv_corpus_v1,cv-valid-train,sample-065607.wav
sample-065968 ~,Mozilla_wav,cv_corpus_v1,cv-valid-train,sample-065968.wav
sample-066054 ~,Mozilla_wav,cv_corpus_v1,cv-valid-train,sample-066054.wav
sample-066327 ~,Mozilla_wav,cv_corpus_v1,cv-valid-train,sample-066327.wav
sample-066352 ~,Mozilla_wav,cv_corpus_v1,cv-valid-train,sample-066352.wav
sample-066494 ~,Mozilla_wav,cv_corpus_v1,cv-valid-train,sample-066494.wav
sample-066540 ~,Mozilla_wav,cv_corpus_v1,cv-valid-train,sample-066540.wav
sample-066666 ~,Mozilla_wav,cv_corpus_v1,cv-valid-train,sample-066666.wav
sample-066694 ~,Mozilla_wav,cv_corpus_v1,cv-valid-train,sample-066694.wav
sample-066729 ~,Mozilla_wav,cv_corpus_v1,cv-valid-train,sample-066729.wav
sample-066877 ~,Mozilla_wav,cv_corpus_v1,cv-valid-train,sample-066877.wav
sample-067096 ~,Mozilla_wav,cv_corpus_v1,cv-valid-train,sample-067096.wav
sample-067331 ~,Mozilla_wav,cv_corpus_v1,cv-valid-train,sample-067331.wav
sample-067385 ~,Mozilla_wav,cv_corpus_v1,cv-valid-train,sample-067385.wav
sample-067588 ~,Mozilla_wav,cv_corpus_v1,cv-valid-train,sample-067588.wav
sample-067613 ~,Mozilla_wav,cv_corpus_v1,cv-valid-train,sample-067613.wav
sample-067616 ~,Mozilla_wav,cv_corpus_v1,cv-valid-train,sample-067616.wav
sample-067689 ~,Mozilla_wav,cv_corpus_v1,cv-valid-train,sample-067689.wav
sample-067813 ~,Mozilla_wav,cv_corpus_v1,cv-valid-train,sample-067813.wav
sample-068093 ~,Mozilla_wav,cv_corpus_v1,cv-valid-train,sample-068093.wav
sample-068508 ~,Mozilla_wav,cv_corpus_v1,cv-valid-train,sample-068508.wav
sample-068679 ~,Mozilla_wav,cv_corpus_v1,cv-valid-train,sample-068679.wav
sample-068801 ~,Mozilla_wav,cv_corpus_v1,cv-valid-train,sample-068801.wav
sample-068802 ~,Mozilla_wav,cv_corpus_v1,cv-valid-train,sample-068802.wav
sample-068876 ~,Mozilla_wav,cv_corpus_v1,cv-valid-train,sample-068876.wav
sample-068888 ~,Mozilla_wav,cv_corpus_v1,cv-valid-train,sample-068888.wav
sample-069413 ~,Mozilla_wav,cv_corpus_v1,cv-valid-train,sample-069413.wav
sample-069418 ~,Mozilla_wav,cv_corpus_v1,cv-valid-train,sample-069418.wav
sample-069541 ~,Mozilla_wav,cv_corpus_v1,cv-valid-train,sample-069541.wav
sample-069607 ~,Mozilla_wav,cv_corpus_v1,cv-valid-train,sample-069607.wav
sample-070048 ~,Mozilla_wav,cv_corpus_v1,cv-valid-train,sample-070048.wav
sample-070070 ~,Mozilla_wav,cv_corpus_v1,cv-valid-train,sample-070070.wav
sample-070108 ~,Mozilla_wav,cv_corpus_v1,cv-valid-train,sample-070108.wav
sample-070482 ~,Mozilla_wav,cv_corpus_v1,cv-valid-train,sample-070482.wav
sample-070632 ~,Mozilla_wav,cv_corpus_v1,cv-valid-train,sample-070632.wav
sample-070843 ~,Mozilla_wav,cv_corpus_v1,cv-valid-train,sample-070843.wav
sample-070859 ~,Mozilla_wav,cv_corpus_v1,cv-valid-train,sample-070859.wav
sample-071038 ~,Mozilla_wav,cv_corpus_v1,cv-valid-train,sample-071038.wav
sample-071580 ~,Mozilla_wav,cv_corpus_v1,cv-valid-train,sample-071580.wav
sample-071591 ~,Mozilla_wav,cv_corpus_v1,cv-valid-train,sample-071591.wav
sample-072731 ~,Mozilla_wav,cv_corpus_v1,cv-valid-train,sample-072731.wav
sample-072770 ~,Mozilla_wav,cv_corpus_v1,cv-valid-train,sample-072770.wav
sample-072795 ~,Mozilla_wav,cv_corpus_v1,cv-valid-train,sample-072795.wav
sample-073219 ~,Mozilla_wav,cv_corpus_v1,cv-valid-train,sample-073219.wav
sample-073243 ~,Mozilla_wav,cv_corpus_v1,cv-valid-train,sample-073243.wav
sample-073556 ~,Mozilla_wav,cv_corpus_v1,cv-valid-train,sample-073556.wav
sample-073872 ~,Mozilla_wav,cv_corpus_v1,cv-valid-train,sample-073872.wav
sample-074039 ~,Mozilla_wav,cv_corpus_v1,cv-valid-train,sample-074039.wav
sample-074074 ~,Mozilla_wav,cv_corpus_v1,cv-valid-train,sample-074074.wav
sample-074802 ~,Mozilla_wav,cv_corpus_v1,cv-valid-train,sample-074802.wav
sample-074897 ~,Mozilla_wav,cv_corpus_v1,cv-valid-train,sample-074897.wav
sample-074951 ~,Mozilla_wav,cv_corpus_v1,cv-valid-train,sample-074951.wav
sample-075101 ~,Mozilla_wav,cv_corpus_v1,cv-valid-train,sample-075101.wav
sample-075168 ~,Mozilla_wav,cv_corpus_v1,cv-valid-train,sample-075168.wav
sample-075289 ~,Mozilla_wav,cv_corpus_v1,cv-valid-train,sample-075289.wav
sample-075484 ~,Mozilla_wav,cv_corpus_v1,cv-valid-train,sample-075484.wav
sample-076201 ~,Mozilla_wav,cv_corpus_v1,cv-valid-train,sample-076201.wav
sample-076596 ~,Mozilla_wav,cv_corpus_v1,cv-valid-train,sample-076596.wav
sample-076698 ~,Mozilla_wav,cv_corpus_v1,cv-valid-train,sample-076698.wav
sample-077114 ~,Mozilla_wav,cv_corpus_v1,cv-valid-train,sample-077114.wav
sample-077126 ~,Mozilla_wav,cv_corpus_v1,cv-valid-train,sample-077126.wav
sample-077253 ~,Mozilla_wav,cv_corpus_v1,cv-valid-train,sample-077253.wav
sample-077261 ~,Mozilla_wav,cv_corpus_v1,cv-valid-train,sample-077261.wav
sample-077617 ~,Mozilla_wav,cv_corpus_v1,cv-valid-train,sample-077617.wav
sample-077903 ~,Mozilla_wav,cv_corpus_v1,cv-valid-train,sample-077903.wav
sample-078924 ~,Mozilla_wav,cv_corpus_v1,cv-valid-train,sample-078924.wav
sample-079131 ~,Mozilla_wav,cv_corpus_v1,cv-valid-train,sample-079131.wav
sample-079199 ~,Mozilla_wav,cv_corpus_v1,cv-valid-train,sample-079199.wav
sample-079565 ~,Mozilla_wav,cv_corpus_v1,cv-valid-train,sample-079565.wav
sample-079719 ~,Mozilla_wav,cv_corpus_v1,cv-valid-train,sample-079719.wav
sample-079739 ~,Mozilla_wav,cv_corpus_v1,cv-valid-train,sample-079739.wav
sample-079958 ~,Mozilla_wav,cv_corpus_v1,cv-valid-train,sample-079958.wav
sample-080006 ~,Mozilla_wav,cv_corpus_v1,cv-valid-train,sample-080006.wav
sample-080039 ~,Mozilla_wav,cv_corpus_v1,cv-valid-train,sample-080039.wav
sample-080123 ~,Mozilla_wav,cv_corpus_v1,cv-valid-train,sample-080123.wav
sample-080150 ~,Mozilla_wav,cv_corpus_v1,cv-valid-train,sample-080150.wav
sample-080213 ~,Mozilla_wav,cv_corpus_v1,cv-valid-train,sample-080213.wav
sample-080325 ~,Mozilla_wav,cv_corpus_v1,cv-valid-train,sample-080325.wav
sample-080373 ~,Mozilla_wav,cv_corpus_v1,cv-valid-train,sample-080373.wav
sample-080377 ~,Mozilla_wav,cv_corpus_v1,cv-valid-train,sample-080377.wav
sample-080908 ~,Mozilla_wav,cv_corpus_v1,cv-valid-train,sample-080908.wav
sample-081005 ~,Mozilla_wav,cv_corpus_v1,cv-valid-train,sample-081005.wav
sample-081067 ~,Mozilla_wav,cv_corpus_v1,cv-valid-train,sample-081067.wav
sample-081072 ~,Mozilla_wav,cv_corpus_v1,cv-valid-train,sample-081072.wav
sample-081110 ~,Mozilla_wav,cv_corpus_v1,cv-valid-train,sample-081110.wav
sample-081114 ~,Mozilla_wav,cv_corpus_v1,cv-valid-train,sample-081114.wav
sample-082395 ~,Mozilla_wav,cv_corpus_v1,cv-valid-train,sample-082395.wav
sample-082626 ~,Mozilla_wav,cv_corpus_v1,cv-valid-train,sample-082626.wav
sample-082895 ~,Mozilla_wav,cv_corpus_v1,cv-valid-train,sample-082895.wav
sample-083082 ~,Mozilla_wav,cv_corpus_v1,cv-valid-train,sample-083082.wav
sample-083166 ~,Mozilla_wav,cv_corpus_v1,cv-valid-train,sample-083166.wav
sample-083757 ~,Mozilla_wav,cv_corpus_v1,cv-valid-train,sample-083757.wav
sample-084095 ~,Mozilla_wav,cv_corpus_v1,cv-valid-train,sample-084095.wav
sample-084115 ~,Mozilla_wav,cv_corpus_v1,cv-valid-train,sample-084115.wav
sample-084241 ~,Mozilla_wav,cv_corpus_v1,cv-valid-train,sample-084241.wav
sample-084267 ~,Mozilla_wav,cv_corpus_v1,cv-valid-train,sample-084267.wav
sample-084449 ~,Mozilla_wav,cv_corpus_v1,cv-valid-train,sample-084449.wav
sample-084753 ~,Mozilla_wav,cv_corpus_v1,cv-valid-train,sample-084753.wav
sample-085061 ~,Mozilla_wav,cv_corpus_v1,cv-valid-train,sample-085061.wav
sample-085082 ~,Mozilla_wav,cv_corpus_v1,cv-valid-train,sample-085082.wav
sample-085446 ~,Mozilla_wav,cv_corpus_v1,cv-valid-train,sample-085446.wav
sample-085683 ~,Mozilla_wav,cv_corpus_v1,cv-valid-train,sample-085683.wav
sample-085693 ~,Mozilla_wav,cv_corpus_v1,cv-valid-train,sample-085693.wav
sample-085800 ~,Mozilla_wav,cv_corpus_v1,cv-valid-train,sample-085800.wav
sample-086000 ~,Mozilla_wav,cv_corpus_v1,cv-valid-train,sample-086000.wav
sample-086001 ~,Mozilla_wav,cv_corpus_v1,cv-valid-train,sample-086001.wav
sample-086008 ~,Mozilla_wav,cv_corpus_v1,cv-valid-train,sample-086008.wav
sample-086186 ~,Mozilla_wav,cv_corpus_v1,cv-valid-train,sample-086186.wav
sample-086227 ~,Mozilla_wav,cv_corpus_v1,cv-valid-train,sample-086227.wav
sample-086510 ~,Mozilla_wav,cv_corpus_v1,cv-valid-train,sample-086510.wav
sample-087103 ~,Mozilla_wav,cv_corpus_v1,cv-valid-train,sample-087103.wav
sample-087156 ~,Mozilla_wav,cv_corpus_v1,cv-valid-train,sample-087156.wav
sample-087299 ~,Mozilla_wav,cv_corpus_v1,cv-valid-train,sample-087299.wav
sample-087484 ~,Mozilla_wav,cv_corpus_v1,cv-valid-train,sample-087484.wav
sample-087792 ~,Mozilla_wav,cv_corpus_v1,cv-valid-train,sample-087792.wav
sample-087956 ~,Mozilla_wav,cv_corpus_v1,cv-valid-train,sample-087956.wav
sample-088171 ~,Mozilla_wav,cv_corpus_v1,cv-valid-train,sample-088171.wav
sample-089066 ~,Mozilla_wav,cv_corpus_v1,cv-valid-train,sample-089066.wav
sample-089137 ~,Mozilla_wav,cv_corpus_v1,cv-valid-train,sample-089137.wav
sample-089219 ~,Mozilla_wav,cv_corpus_v1,cv-valid-train,sample-089219.wav
sample-089401 ~,Mozilla_wav,cv_corpus_v1,cv-valid-train,sample-089401.wav
sample-089942 ~,Mozilla_wav,cv_corpus_v1,cv-valid-train,sample-089942.wav
sample-090039 ~,Mozilla_wav,cv_corpus_v1,cv-valid-train,sample-090039.wav
sample-090157 ~,Mozilla_wav,cv_corpus_v1,cv-valid-train,sample-090157.wav
sample-090223 ~,Mozilla_wav,cv_corpus_v1,cv-valid-train,sample-090223.wav
sample-090876 ~,Mozilla_wav,cv_corpus_v1,cv-valid-train,sample-090876.wav
sample-090985 ~,Mozilla_wav,cv_corpus_v1,cv-valid-train,sample-090985.wav
sample-091381 ~,Mozilla_wav,cv_corpus_v1,cv-valid-train,sample-091381.wav
sample-091396 ~,Mozilla_wav,cv_corpus_v1,cv-valid-train,sample-091396.wav
sample-091948 ~,Mozilla_wav,cv_corpus_v1,cv-valid-train,sample-091948.wav
sample-091968 ~,Mozilla_wav,cv_corpus_v1,cv-valid-train,sample-091968.wav
sample-092086 ~,Mozilla_wav,cv_corpus_v1,cv-valid-train,sample-092086.wav
sample-092337 ~,Mozilla_wav,cv_corpus_v1,cv-valid-train,sample-092337.wav
sample-092472 ~,Mozilla_wav,cv_corpus_v1,cv-valid-train,sample-092472.wav
sample-092501 ~,Mozilla_wav,cv_corpus_v1,cv-valid-train,sample-092501.wav
sample-093260 ~,Mozilla_wav,cv_corpus_v1,cv-valid-train,sample-093260.wav
sample-093420 ~,Mozilla_wav,cv_corpus_v1,cv-valid-train,sample-093420.wav
sample-094013 ~,Mozilla_wav,cv_corpus_v1,cv-valid-train,sample-094013.wav
sample-094183 ~,Mozilla_wav,cv_corpus_v1,cv-valid-train,sample-094183.wav
sample-094311 ~,Mozilla_wav,cv_corpus_v1,cv-valid-train,sample-094311.wav
sample-094312 ~,Mozilla_wav,cv_corpus_v1,cv-valid-train,sample-094312.wav
sample-094443 ~,Mozilla_wav,cv_corpus_v1,cv-valid-train,sample-094443.wav
sample-094634 ~,Mozilla_wav,cv_corpus_v1,cv-valid-train,sample-094634.wav
sample-094932 ~,Mozilla_wav,cv_corpus_v1,cv-valid-train,sample-094932.wav
sample-095024 ~,Mozilla_wav,cv_corpus_v1,cv-valid-train,sample-095024.wav
sample-095278 ~,Mozilla_wav,cv_corpus_v1,cv-valid-train,sample-095278.wav
sample-095295 ~,Mozilla_wav,cv_corpus_v1,cv-valid-train,sample-095295.wav
sample-095379 ~,Mozilla_wav,cv_corpus_v1,cv-valid-train,sample-095379.wav
sample-095579 ~,Mozilla_wav,cv_corpus_v1,cv-valid-train,sample-095579.wav
sample-095979 ~,Mozilla_wav,cv_corpus_v1,cv-valid-train,sample-095979.wav
sample-096035 ~,Mozilla_wav,cv_corpus_v1,cv-valid-train,sample-096035.wav
sample-096062 ~,Mozilla_wav,cv_corpus_v1,cv-valid-train,sample-096062.wav
sample-096175 ~,Mozilla_wav,cv_corpus_v1,cv-valid-train,sample-096175.wav
sample-096403 ~,Mozilla_wav,cv_corpus_v1,cv-valid-train,sample-096403.wav
sample-096461 ~,Mozilla_wav,cv_corpus_v1,cv-valid-train,sample-096461.wav
sample-096479 ~,Mozilla_wav,cv_corpus_v1,cv-valid-train,sample-096479.wav
sample-096487 ~,Mozilla_wav,cv_corpus_v1,cv-valid-train,sample-096487.wav
sample-096929 ~,Mozilla_wav,cv_corpus_v1,cv-valid-train,sample-096929.wav
sample-096963 ~,Mozilla_wav,cv_corpus_v1,cv-valid-train,sample-096963.wav
